fecha,hora,dia_semana,zona,velocidad_kmh,volumen_vehiculos,flujo_promedio
2026-06-25,0,3,Av. 80,175.5,521,bajo
2026-06-25,0,3,Av. Regional,210.8,570,bajo
2026-06-25,0,3,Calle 33,127.8,311,bajo
2026-06-25,0,3,El Poblado,151.6,494,bajo
2026-06-25,0,3,Guayabal,190.9,449,bajo
2026-06-25,0,3,Laureles,141.1,228,bajo
2026-06-25,0,3,Estadio/Atanasio,111.2,287,bajo
2026-06-25,0,3,La Macarena,120.2,269,bajo
2026-06-25,0,3,Itagüí,180.6,492,bajo
2026-06-25,0,3,Bello,191.0,358,bajo
2026-06-25,1,3,Av. 80,108.4,741,bajo
2026-06-25,1,3,Av. Regional,139.1,819,bajo
2026-06-25,1,3,Calle 33,88.5,534,bajo
2026-06-25,1,3,El Poblado,102.4,502,bajo
2026-06-25,1,3,Guayabal,129.0,664,bajo
2026-06-25,1,3,Laureles,92.7,483,bajo
2026-06-25,1,3,Estadio/Atanasio,76.4,407,bajo
2026-06-25,1,3,La Macarena,81.8,332,bajo
2026-06-25,1,3,Itagüí,121.8,684,bajo
2026-06-25,1,3,Bello,128.7,553,bajo
2026-06-25,2,3,Av. 80,111.0,803,bajo
2026-06-25,2,3,Av. Regional,136.1,821,bajo
2026-06-25,2,3,Calle 33,89.1,533,bajo
2026-06-25,2,3,El Poblado,101.3,559,bajo
2026-06-25,2,3,Guayabal,124.4,678,bajo
2026-06-25,2,3,Laureles,92.9,461,bajo
2026-06-25,2,3,Estadio/Atanasio,78.6,382,bajo
2026-06-25,2,3,La Macarena,83.9,247,bajo
2026-06-25,2,3,Itagüí,123.5,689,bajo
2026-06-25,2,3,Bello,135.9,473,bajo
2026-06-25,3,3,Av. 80,180.6,528,bajo
2026-06-25,3,3,Av. Regional,222.1,454,bajo
2026-06-25,3,3,Calle 33,144.3,227,bajo
2026-06-25,3,3,El Poblado,162.4,369,bajo
2026-06-25,3,3,Guayabal,200.2,494,bajo
2026-06-25,3,3,Laureles,160.9,233,bajo
2026-06-25,3,3,Estadio/Atanasio,128.9,314,bajo
2026-06-25,3,3,La Macarena,128.5,147,bajo
2026-06-25,3,3,Itagüí,187.6,327,bajo
2026-06-25,3,3,Bello,200.2,346,bajo
2026-06-25,4,3,Av. 80,128.4,574,bajo
2026-06-25,4,3,Av. Regional,158.4,848,bajo
2026-06-25,4,3,Calle 33,101.1,434,bajo
2026-06-25,4,3,El Poblado,114.6,614,bajo
2026-06-25,4,3,Guayabal,140.2,619,bajo
2026-06-25,4,3,Laureles,106.9,350,bajo
2026-06-25,4,3,Estadio/Atanasio,86.5,267,bajo
2026-06-25,4,3,La Macarena,87.8,236,bajo
2026-06-25,4,3,Itagüí,139.2,644,bajo
2026-06-25,4,3,Bello,139.8,582,bajo
2026-06-25,5,3,Av. 80,176.3,454,bajo
2026-06-25,5,3,Av. Regional,215.7,611,bajo
2026-06-25,5,3,Calle 33,140.8,238,bajo
2026-06-25,5,3,El Poblado,157.3,445,bajo
2026-06-25,5,3,Guayabal,200.9,453,bajo
2026-06-25,5,3,Laureles,153.0,326,bajo
2026-06-25,5,3,Estadio/Atanasio,119.7,181,bajo
2026-06-25,5,3,La Macarena,130.2,135,bajo
2026-06-25,5,3,Itagüí,193.1,469,bajo
2026-06-25,5,3,Bello,202.7,392,bajo
2026-06-25,6,3,Av. 80,35.5,2045,medio
2026-06-25,6,3,Av. Regional,43.1,2474,bajo
2026-06-25,6,3,Calle 33,28.8,1439,medio
2026-06-25,6,3,El Poblado,34.8,1819,medio
2026-06-25,6,3,Guayabal,37.9,1806,medio
2026-06-25,6,3,Laureles,33.9,1228,medio
2026-06-25,6,3,Estadio/Atanasio,24.5,1127,alto
2026-06-25,6,3,La Macarena,30.9,924,medio
2026-06-25,6,3,Itagüí,46.2,1972,bajo
2026-06-25,6,3,Bello,43.6,1522,bajo
2026-06-25,7,3,Av. 80,27.3,2842,medio
2026-06-25,7,3,Av. Regional,36.1,3428,medio
2026-06-25,7,3,Calle 33,19.8,1942,alto
2026-06-25,7,3,El Poblado,26.5,2286,medio
2026-06-25,7,3,Guayabal,31.3,2450,medio
2026-06-25,7,3,Laureles,22.5,1732,alto
2026-06-25,7,3,Estadio/Atanasio,16.4,1440,alto
2026-06-25,7,3,La Macarena,22.7,1227,alto
2026-06-25,7,3,Itagüí,31.8,2718,medio
2026-06-25,7,3,Bello,34.2,2173,medio
2026-06-25,8,3,Av. 80,20.8,3195,alto
2026-06-25,8,3,Av. Regional,30.1,3832,medio
2026-06-25,8,3,Calle 33,20.6,2210,alto
2026-06-25,8,3,El Poblado,29.4,2739,medio
2026-06-25,8,3,Guayabal,33.3,2919,medio
2026-06-25,8,3,Laureles,20.1,1917,alto
2026-06-25,8,3,Estadio/Atanasio,13.4,1574,muy_alto
2026-06-25,8,3,La Macarena,18.8,1496,alto
2026-06-25,8,3,Itagüí,25.1,2948,medio
2026-06-25,8,3,Bello,27.5,2465,medio
2026-06-25,9,3,Av. 80,25.1,3210,medio
2026-06-25,9,3,Av. Regional,37.2,3816,medio
2026-06-25,9,3,Calle 33,16.2,2090,alto
2026-06-25,9,3,El Poblado,22.6,2535,alto
2026-06-25,9,3,Guayabal,27.7,2824,medio
2026-06-25,9,3,Laureles,23.4,1962,alto
2026-06-25,9,3,Estadio/Atanasio,20.7,1535,alto
2026-06-25,9,3,La Macarena,18.4,1296,alto
2026-06-25,9,3,Itagüí,29.3,2862,medio
2026-06-25,9,3,Bello,29.1,2466,medio
2026-06-25,10,3,Av. 80,44.5,1960,bajo
2026-06-25,10,3,Av. Regional,55.3,2343,bajo
2026-06-25,10,3,Calle 33,33.9,1335,medio
2026-06-25,10,3,El Poblado,37.1,1581,medio
2026-06-25,10,3,Guayabal,50.8,1754,bajo
2026-06-25,10,3,Laureles,37.4,1133,medio
2026-06-25,10,3,Estadio/Atanasio,26.4,860,medio
2026-06-25,10,3,La Macarena,27.7,837,medio
2026-06-25,10,3,Itagüí,44.3,1726,bajo
2026-06-25,10,3,Bello,47.1,1456,bajo
2026-06-25,11,3,Av. 80,47.0,1973,bajo
2026-06-25,11,3,Av. Regional,48.8,2351,bajo
2026-06-25,11,3,Calle 33,31.1,1287,medio
2026-06-25,11,3,El Poblado,36.6,1567,medio
2026-06-25,11,3,Guayabal,48.2,1619,bajo
2026-06-25,11,3,Laureles,37.5,1231,medio
2026-06-25,11,3,Estadio/Atanasio,29.9,1047,medio
2026-06-25,11,3,La Macarena,28.0,925,medio
2026-06-25,11,3,Itagüí,43.3,1800,bajo
2026-06-25,11,3,Bello,48.2,1538,bajo
2026-06-25,12,3,Av. 80,34.6,2146,medio
2026-06-25,12,3,Av. Regional,49.0,2435,bajo
2026-06-25,12,3,Calle 33,27.9,1305,medio
2026-06-25,12,3,El Poblado,37.3,1636,medio
2026-06-25,12,3,Guayabal,42.6,1819,bajo
2026-06-25,12,3,Laureles,42.9,1301,bajo
2026-06-25,12,3,Estadio/Atanasio,25.4,1071,medio
2026-06-25,12,3,La Macarena,30.5,1005,medio
2026-06-25,12,3,Itagüí,42.8,1976,bajo
2026-06-25,12,3,Bello,43.2,1556,bajo
2026-06-25,13,3,Av. 80,41.3,1850,bajo
2026-06-25,13,3,Av. Regional,59.7,2303,bajo
2026-06-25,13,3,Calle 33,37.6,1187,medio
2026-06-25,13,3,El Poblado,35.3,1594,medio
2026-06-25,13,3,Guayabal,47.5,1727,bajo
2026-06-25,13,3,Laureles,37.7,1073,medio
2026-06-25,13,3,Estadio/Atanasio,34.6,901,medio
2026-06-25,13,3,La Macarena,32.3,731,medio
2026-06-25,13,3,Itagüí,48.5,1655,bajo
2026-06-25,13,3,Bello,52.6,1514,bajo
2026-06-25,14,3,Av. 80,40.2,2008,bajo
2026-06-25,14,3,Av. Regional,51.6,2441,bajo
2026-06-25,14,3,Calle 33,35.9,1266,medio
2026-06-25,14,3,El Poblado,35.6,1564,medio
2026-06-25,14,3,Guayabal,44.3,1786,bajo
2026-06-25,14,3,Laureles,39.3,1106,bajo
2026-06-25,14,3,Estadio/Atanasio,28.7,962,medio
2026-06-25,14,3,La Macarena,34.0,853,medio
2026-06-25,14,3,Itagüí,42.3,1908,bajo
2026-06-25,14,3,Bello,40.7,1552,bajo
2026-06-25,15,3,Av. 80,51.5,1830,bajo
2026-06-25,15,3,Av. Regional,58.6,2076,bajo
2026-06-25,15,3,Calle 33,38.0,1184,bajo
2026-06-25,15,3,El Poblado,43.8,1434,bajo
2026-06-25,15,3,Guayabal,51.6,1551,bajo
2026-06-25,15,3,Laureles,40.7,1110,bajo
2026-06-25,15,3,Estadio/Atanasio,30.2,898,medio
2026-06-25,15,3,La Macarena,34.6,726,medio
2026-06-25,15,3,Itagüí,50.6,1698,bajo
2026-06-25,15,3,Bello,52.0,1392,bajo
2026-06-25,16,3,Av. 80,44.7,2050,bajo
2026-06-25,16,3,Av. Regional,47.5,2654,bajo
2026-06-25,16,3,Calle 33,35.9,1442,medio
2026-06-25,16,3,El Poblado,31.4,1683,medio
2026-06-25,16,3,Guayabal,41.8,1955,bajo
2026-06-25,16,3,Laureles,34.9,1322,medio
2026-06-25,16,3,Estadio/Atanasio,22.7,1057,alto
2026-06-25,16,3,La Macarena,25.1,985,medio
2026-06-25,16,3,Itagüí,43.5,2019,bajo
2026-06-25,16,3,Bello,36.7,1602,medio
2026-06-25,17,3,Av. 80,28.4,2767,medio
2026-06-25,17,3,Av. Regional,36.4,3364,medio
2026-06-25,17,3,Calle 33,22.9,1900,alto
2026-06-25,17,3,El Poblado,28.5,2201,medio
2026-06-25,17,3,Guayabal,33.7,2310,medio
2026-06-25,17,3,Laureles,28.4,1672,medio
2026-06-25,17,3,Estadio/Atanasio,24.1,1398,alto
2026-06-25,17,3,La Macarena,19.9,1279,alto
2026-06-25,17,3,Itagüí,36.0,2541,medio
2026-06-25,17,3,Bello,31.2,2063,medio
2026-06-25,18,3,Av. 80,25.6,3124,medio
2026-06-25,18,3,Av. Regional,35.4,3849,medio
2026-06-25,18,3,Calle 33,21.2,2116,alto
2026-06-25,18,3,El Poblado,28.8,2606,medio
2026-06-25,18,3,Guayabal,29.3,2730,medio
2026-06-25,18,3,Laureles,24.3,1974,alto
2026-06-25,18,3,Estadio/Atanasio,15.3,1547,alto
2026-06-25,18,3,La Macarena,22.5,1366,alto
2026-06-25,18,3,Itagüí,25.7,3024,medio
2026-06-25,18,3,Bello,26.5,2334,medio
2026-06-25,19,3,Av. 80,33.4,2675,medio
2026-06-25,19,3,Av. Regional,41.5,3275,bajo
2026-06-25,19,3,Calle 33,24.5,1850,alto
2026-06-25,19,3,El Poblado,24.6,2318,alto
2026-06-25,19,3,Guayabal,33.9,2297,medio
2026-06-25,19,3,Laureles,30.1,1732,medio
2026-06-25,19,3,Estadio/Atanasio,26.3,1298,medio
2026-06-25,19,3,La Macarena,26.7,1237,medio
2026-06-25,19,3,Itagüí,34.1,2500,medio
2026-06-25,19,3,Bello,37.6,2062,medio
2026-06-25,20,3,Av. 80,54.0,1522,bajo
2026-06-25,20,3,Av. Regional,56.9,1925,bajo
2026-06-25,20,3,Calle 33,42.2,1013,bajo
2026-06-25,20,3,El Poblado,44.8,1392,bajo
2026-06-25,20,3,Guayabal,59.1,1345,bajo
2026-06-25,20,3,Laureles,42.6,978,bajo
2026-06-25,20,3,Estadio/Atanasio,28.8,764,medio
2026-06-25,20,3,La Macarena,36.0,641,medio
2026-06-25,20,3,Itagüí,49.7,1529,bajo
2026-06-25,20,3,Bello,60.1,1181,bajo
2026-06-25,21,3,Av. 80,51.3,1615,bajo
2026-06-25,21,3,Av. Regional,58.6,2002,bajo
2026-06-25,21,3,Calle 33,41.3,1169,bajo
2026-06-25,21,3,El Poblado,43.8,1398,bajo
2026-06-25,21,3,Guayabal,52.8,1454,bajo
2026-06-25,21,3,Laureles,43.9,935,bajo
2026-06-25,21,3,Estadio/Atanasio,31.0,854,medio
2026-06-25,21,3,La Macarena,34.0,685,medio
2026-06-25,21,3,Itagüí,53.2,1512,bajo
2026-06-25,21,3,Bello,52.7,1199,bajo
2026-06-25,22,3,Av. 80,170.8,463,bajo
2026-06-25,22,3,Av. Regional,201.7,525,bajo
2026-06-25,22,3,Calle 33,129.8,282,bajo
2026-06-25,22,3,El Poblado,150.2,402,bajo
2026-06-25,22,3,Guayabal,182.1,416,bajo
2026-06-25,22,3,Laureles,136.1,225,bajo
2026-06-25,22,3,Estadio/Atanasio,110.5,191,bajo
2026-06-25,22,3,La Macarena,117.4,244,bajo
2026-06-25,22,3,Itagüí,175.8,390,bajo
2026-06-25,22,3,Bello,183.4,358,bajo
2026-06-25,23,3,Av. 80,156.4,536,bajo
2026-06-25,23,3,Av. Regional,185.1,693,bajo
2026-06-25,23,3,Calle 33,128.9,268,bajo
2026-06-25,23,3,El Poblado,140.1,375,bajo
2026-06-25,23,3,Guayabal,166.1,486,bajo
2026-06-25,23,3,Laureles,130.5,248,bajo
2026-06-25,23,3,Estadio/Atanasio,100.6,206,bajo
2026-06-25,23,3,La Macarena,106.2,158,bajo
2026-06-25,23,3,Itagüí,164.8,464,bajo
2026-06-25,23,3,Bello,173.7,446,bajo
2026-06-26,0,4,Av. 80,123.1,654,bajo
2026-06-26,0,4,Av. Regional,153.7,720,bajo
2026-06-26,0,4,Calle 33,104.1,411,bajo
2026-06-26,0,4,El Poblado,116.0,477,bajo
2026-06-26,0,4,Guayabal,137.1,497,bajo
2026-06-26,0,4,Laureles,102.0,356,bajo
2026-06-26,0,4,Estadio/Atanasio,78.1,330,bajo
2026-06-26,0,4,La Macarena,92.3,383,bajo
2026-06-26,0,4,Itagüí,129.9,657,bajo
2026-06-26,0,4,Bello,141.4,420,bajo
2026-06-26,1,4,Av. 80,193.2,389,bajo
2026-06-26,1,4,Av. Regional,237.1,596,bajo
2026-06-26,1,4,Calle 33,149.3,230,bajo
2026-06-26,1,4,El Poblado,171.8,381,bajo
2026-06-26,1,4,Guayabal,217.0,307,bajo
2026-06-26,1,4,Laureles,162.3,188,bajo
2026-06-26,1,4,Estadio/Atanasio,132.5,185,bajo
2026-06-26,1,4,La Macarena,139.2,217,bajo
2026-06-26,1,4,Itagüí,208.2,469,bajo
2026-06-26,1,4,Bello,218.2,283,bajo
2026-06-26,2,4,Av. 80,122.7,772,bajo
2026-06-26,2,4,Av. Regional,147.4,920,bajo
2026-06-26,2,4,Calle 33,88.7,480,bajo
2026-06-26,2,4,El Poblado,105.4,545,bajo
2026-06-26,2,4,Guayabal,130.4,629,bajo
2026-06-26,2,4,Laureles,90.3,463,bajo
2026-06-26,2,4,Estadio/Atanasio,78.5,310,bajo
2026-06-26,2,4,La Macarena,80.2,245,bajo
2026-06-26,2,4,Itagüí,121.0,654,bajo
2026-06-26,2,4,Bello,130.4,516,bajo
2026-06-26,3,4,Av. 80,146.4,460,bajo
2026-06-26,3,4,Av. Regional,178.2,578,bajo
2026-06-26,3,4,Calle 33,117.2,331,bajo
2026-06-26,3,4,El Poblado,128.8,421,bajo
2026-06-26,3,4,Guayabal,166.4,532,bajo
2026-06-26,3,4,Laureles,126.3,388,bajo
2026-06-26,3,4,Estadio/Atanasio,101.7,269,bajo
2026-06-26,3,4,La Macarena,105.8,193,bajo
2026-06-26,3,4,Itagüí,158.0,598,bajo
2026-06-26,3,4,Bello,165.1,406,bajo
2026-06-26,4,4,Av. 80,118.4,658,bajo
2026-06-26,4,4,Av. Regional,141.7,899,bajo
2026-06-26,4,4,Calle 33,92.1,422,bajo
2026-06-26,4,4,El Poblado,105.6,508,bajo
2026-06-26,4,4,Guayabal,128.0,600,bajo
2026-06-26,4,4,Laureles,99.7,447,bajo
2026-06-26,4,4,Estadio/Atanasio,79.8,335,bajo
2026-06-26,4,4,La Macarena,83.5,250,bajo
2026-06-26,4,4,Itagüí,127.8,595,bajo
2026-06-26,4,4,Bello,128.1,544,bajo
2026-06-26,5,4,Av. 80,157.8,417,bajo
2026-06-26,5,4,Av. Regional,198.7,567,bajo
2026-06-26,5,4,Calle 33,122.4,423,bajo
2026-06-26,5,4,El Poblado,145.3,365,bajo
2026-06-26,5,4,Guayabal,182.3,518,bajo
2026-06-26,5,4,Laureles,140.3,399,bajo
2026-06-26,5,4,Estadio/Atanasio,109.4,346,bajo
2026-06-26,5,4,La Macarena,117.9,161,bajo
2026-06-26,5,4,Itagüí,175.3,524,bajo
2026-06-26,5,4,Bello,180.3,317,bajo
2026-06-26,6,4,Av. 80,45.0,1761,bajo
2026-06-26,6,4,Av. Regional,55.0,2313,bajo
2026-06-26,6,4,Calle 33,31.3,1298,medio
2026-06-26,6,4,El Poblado,37.0,1452,medio
2026-06-26,6,4,Guayabal,49.6,1530,bajo
2026-06-26,6,4,Laureles,36.1,1018,medio
2026-06-26,6,4,Estadio/Atanasio,28.6,849,medio
2026-06-26,6,4,La Macarena,34.1,850,medio
2026-06-26,6,4,Itagüí,46.6,1778,bajo
2026-06-26,6,4,Bello,46.4,1453,bajo
2026-06-26,7,4,Av. 80,33.1,2656,medio
2026-06-26,7,4,Av. Regional,34.9,3265,medio
2026-06-26,7,4,Calle 33,28.1,1686,medio
2026-06-26,7,4,El Poblado,30.4,2114,medio
2026-06-26,7,4,Guayabal,31.9,2245,medio
2026-06-26,7,4,Laureles,22.3,1578,alto
2026-06-26,7,4,Estadio/Atanasio,17.0,1235,alto
2026-06-26,7,4,La Macarena,19.9,1113,alto
2026-06-26,7,4,Itagüí,35.3,2521,medio
2026-06-26,7,4,Bello,29.7,2046,medio
2026-06-26,8,4,Av. 80,27.5,2843,medio
2026-06-26,8,4,Av. Regional,34.5,3595,medio
2026-06-26,8,4,Calle 33,22.2,1889,alto
2026-06-26,8,4,El Poblado,27.1,2435,medio
2026-06-26,8,4,Guayabal,31.9,2568,medio
2026-06-26,8,4,Laureles,25.0,1753,medio
2026-06-26,8,4,Estadio/Atanasio,16.8,1392,alto
2026-06-26,8,4,La Macarena,19.4,1209,alto
2026-06-26,8,4,Itagüí,28.1,2787,medio
2026-06-26,8,4,Bello,29.7,2324,medio
2026-06-26,9,4,Av. 80,22.2,3136,alto
2026-06-26,9,4,Av. Regional,28.4,3883,medio
2026-06-26,9,4,Calle 33,15.4,2033,alto
2026-06-26,9,4,El Poblado,27.3,2638,medio
2026-06-26,9,4,Guayabal,30.7,2828,medio
2026-06-26,9,4,Laureles,20.0,1976,alto
2026-06-26,9,4,Estadio/Atanasio,16.7,1550,alto
2026-06-26,9,4,La Macarena,15.6,1361,alto
2026-06-26,9,4,Itagüí,27.5,3010,medio
2026-06-26,9,4,Bello,31.2,2418,medio
2026-06-26,10,4,Av. 80,45.1,1843,bajo
2026-06-26,10,4,Av. Regional,51.6,2238,bajo
2026-06-26,10,4,Calle 33,35.7,1274,medio
2026-06-26,10,4,El Poblado,36.8,1458,medio
2026-06-26,10,4,Guayabal,54.1,1618,bajo
2026-06-26,10,4,Laureles,36.6,1131,medio
2026-06-26,10,4,Estadio/Atanasio,29.8,844,medio
2026-06-26,10,4,La Macarena,29.3,872,medio
2026-06-26,10,4,Itagüí,47.2,1707,bajo
2026-06-26,10,4,Bello,48.2,1451,bajo
2026-06-26,11,4,Av. 80,50.6,1519,bajo
2026-06-26,11,4,Av. Regional,62.7,1892,bajo
2026-06-26,11,4,Calle 33,39.5,1127,bajo
2026-06-26,11,4,El Poblado,43.6,1243,bajo
2026-06-26,11,4,Guayabal,60.7,1426,bajo
2026-06-26,11,4,Laureles,35.0,985,medio
2026-06-26,11,4,Estadio/Atanasio,38.7,826,bajo
2026-06-26,11,4,La Macarena,36.1,735,medio
2026-06-26,11,4,Itagüí,52.6,1532,bajo
2026-06-26,11,4,Bello,55.9,1168,bajo
2026-06-26,12,4,Av. 80,49.7,1622,bajo
2026-06-26,12,4,Av. Regional,63.4,1953,bajo
2026-06-26,12,4,Calle 33,40.0,1082,bajo
2026-06-26,12,4,El Poblado,41.7,1270,bajo
2026-06-26,12,4,Guayabal,57.2,1425,bajo
2026-06-26,12,4,Laureles,38.4,952,bajo
2026-06-26,12,4,Estadio/Atanasio,35.4,768,medio
2026-06-26,12,4,La Macarena,29.6,723,medio
2026-06-26,12,4,Itagüí,58.0,1479,bajo
2026-06-26,12,4,Bello,56.3,1267,bajo
2026-06-26,13,4,Av. 80,41.4,2194,bajo
2026-06-26,13,4,Av. Regional,47.3,2725,bajo
2026-06-26,13,4,Calle 33,24.2,1340,alto
2026-06-26,13,4,El Poblado,30.8,1766,medio
2026-06-26,13,4,Guayabal,36.8,1813,medio
2026-06-26,13,4,Laureles,37.1,1343,medio
2026-06-26,13,4,Estadio/Atanasio,23.5,1104,alto
2026-06-26,13,4,La Macarena,29.9,1050,medio
2026-06-26,13,4,Itagüí,35.5,1936,medio
2026-06-26,13,4,Bello,43.6,1609,bajo
2026-06-26,14,4,Av. 80,40.4,1805,bajo
2026-06-26,14,4,Av. Regional,62.2,2118,bajo
2026-06-26,14,4,Calle 33,39.2,1183,bajo
2026-06-26,14,4,El Poblado,41.4,1458,bajo
2026-06-26,14,4,Guayabal,58.3,1544,bajo
2026-06-26,14,4,Laureles,41.4,981,bajo
2026-06-26,14,4,Estadio/Atanasio,27.3,803,medio
2026-06-26,14,4,La Macarena,33.5,745,medio
2026-06-26,14,4,Itagüí,50.2,1579,bajo
2026-06-26,14,4,Bello,55.8,1348,bajo
2026-06-26,15,4,Av. 80,44.6,1819,bajo
2026-06-26,15,4,Av. Regional,53.0,2173,bajo
2026-06-26,15,4,Calle 33,35.8,1110,medio
2026-06-26,15,4,El Poblado,43.0,1450,bajo
2026-06-26,15,4,Guayabal,44.5,1619,bajo
2026-06-26,15,4,Laureles,34.2,1044,medio
2026-06-26,15,4,Estadio/Atanasio,29.0,834,medio
2026-06-26,15,4,La Macarena,32.6,813,medio
2026-06-26,15,4,Itagüí,46.2,1637,bajo
2026-06-26,15,4,Bello,45.8,1308,bajo
2026-06-26,16,4,Av. 80,44.8,1649,bajo
2026-06-26,16,4,Av. Regional,61.5,2069,bajo
2026-06-26,16,4,Calle 33,38.7,1179,bajo
2026-06-26,16,4,El Poblado,42.1,1381,bajo
2026-06-26,16,4,Guayabal,47.8,1554,bajo
2026-06-26,16,4,Laureles,40.0,1016,bajo
2026-06-26,16,4,Estadio/Atanasio,39.5,901,bajo
2026-06-26,16,4,La Macarena,33.7,846,medio
2026-06-26,16,4,Itagüí,50.8,1671,bajo
2026-06-26,16,4,Bello,58.4,1322,bajo
2026-06-26,17,4,Av. 80,30.7,2840,medio
2026-06-26,17,4,Av. Regional,33.3,3533,medio
2026-06-26,17,4,Calle 33,21.3,1974,alto
2026-06-26,17,4,El Poblado,23.4,2308,alto
2026-06-26,17,4,Guayabal,27.8,2479,medio
2026-06-26,17,4,Laureles,23.5,1710,alto
2026-06-26,17,4,Estadio/Atanasio,20.2,1464,alto
2026-06-26,17,4,La Macarena,22.2,1239,alto
2026-06-26,17,4,Itagüí,34.4,2772,medio
2026-06-26,17,4,Bello,35.0,2302,medio
2026-06-26,18,4,Av. 80,25.4,2752,medio
2026-06-26,18,4,Av. Regional,36.5,3307,medio
2026-06-26,18,4,Calle 33,22.4,1714,alto
2026-06-26,18,4,El Poblado,27.0,2347,medio
2026-06-26,18,4,Guayabal,27.5,2377,medio
2026-06-26,18,4,Laureles,24.5,1665,alto
2026-06-26,18,4,Estadio/Atanasio,17.5,1320,alto
2026-06-26,18,4,La Macarena,23.2,1157,alto
2026-06-26,18,4,Itagüí,31.9,2564,medio
2026-06-26,18,4,Bello,35.4,2165,medio
2026-06-26,19,4,Av. 80,35.0,2760,medio
2026-06-26,19,4,Av. Regional,35.8,3538,medio
2026-06-26,19,4,Calle 33,24.8,1842,alto
2026-06-26,19,4,El Poblado,19.2,2370,alto
2026-06-26,19,4,Guayabal,31.8,2613,medio
2026-06-26,19,4,Laureles,27.1,1747,medio
2026-06-26,19,4,Estadio/Atanasio,23.0,1326,alto
2026-06-26,19,4,La Macarena,21.2,1257,alto
2026-06-26,19,4,Itagüí,34.0,2749,medio
2026-06-26,19,4,Bello,34.1,2129,medio
2026-06-26,20,4,Av. 80,45.7,1816,bajo
2026-06-26,20,4,Av. Regional,59.6,2068,bajo
2026-06-26,20,4,Calle 33,38.2,1186,bajo
2026-06-26,20,4,El Poblado,41.3,1394,bajo
2026-06-26,20,4,Guayabal,59.3,1573,bajo
2026-06-26,20,4,Laureles,37.2,976,medio
2026-06-26,20,4,Estadio/Atanasio,30.1,856,medio
2026-06-26,20,4,La Macarena,31.0,808,medio
2026-06-26,20,4,Itagüí,43.9,1617,bajo
2026-06-26,20,4,Bello,50.6,1404,bajo
2026-06-26,21,4,Av. 80,50.3,1556,bajo
2026-06-26,21,4,Av. Regional,62.3,1985,bajo
2026-06-26,21,4,Calle 33,36.0,1008,medio
2026-06-26,21,4,El Poblado,46.8,1300,bajo
2026-06-26,21,4,Guayabal,57.7,1367,bajo
2026-06-26,21,4,Laureles,37.9,1065,medio
2026-06-26,21,4,Estadio/Atanasio,34.3,765,medio
2026-06-26,21,4,La Macarena,38.6,690,bajo
2026-06-26,21,4,Itagüí,53.3,1510,bajo
2026-06-26,21,4,Bello,54.0,1212,bajo
2026-06-26,22,4,Av. 80,182.5,511,bajo
2026-06-26,22,4,Av. Regional,222.0,443,bajo
2026-06-26,22,4,Calle 33,143.6,248,bajo
2026-06-26,22,4,El Poblado,164.1,315,bajo
2026-06-26,22,4,Guayabal,203.4,312,bajo
2026-06-26,22,4,Laureles,149.9,291,bajo
2026-06-26,22,4,Estadio/Atanasio,116.8,283,bajo
2026-06-26,22,4,La Macarena,130.6,273,bajo
2026-06-26,22,4,Itagüí,195.5,320,bajo
2026-06-26,22,4,Bello,203.1,403,bajo
2026-06-26,23,4,Av. 80,157.9,514,bajo
2026-06-26,23,4,Av. Regional,190.0,615,bajo
2026-06-26,23,4,Calle 33,112.8,373,bajo
2026-06-26,23,4,El Poblado,134.0,367,bajo
2026-06-26,23,4,Guayabal,171.7,407,bajo
2026-06-26,23,4,Laureles,130.8,245,bajo
2026-06-26,23,4,Estadio/Atanasio,100.0,286,bajo
2026-06-26,23,4,La Macarena,109.7,171,bajo
2026-06-26,23,4,Itagüí,166.7,486,bajo
2026-06-26,23,4,Bello,168.0,454,bajo
2026-06-27,0,5,Av. 80,137.4,348,bajo
2026-06-27,0,5,Av. Regional,162.2,289,bajo
2026-06-27,0,5,Calle 33,107.9,134,bajo
2026-06-27,0,5,El Poblado,120.4,165,bajo
2026-06-27,0,5,Guayabal,152.0,156,bajo
2026-06-27,0,5,Laureles,120.3,59,bajo
2026-06-27,0,5,Estadio/Atanasio,93.5,117,bajo
2026-06-27,0,5,La Macarena,96.4,108,bajo
2026-06-27,0,5,Itagüí,143.5,150,bajo
2026-06-27,0,5,Bello,149.5,202,bajo
2026-06-27,1,5,Av. 80,115.3,321,bajo
2026-06-27,1,5,Av. Regional,146.1,298,bajo
2026-06-27,1,5,Calle 33,91.3,199,bajo
2026-06-27,1,5,El Poblado,105.4,321,bajo
2026-06-27,1,5,Guayabal,129.1,256,bajo
2026-06-27,1,5,Laureles,101.2,78,bajo
2026-06-27,1,5,Estadio/Atanasio,78.8,82,bajo
2026-06-27,1,5,La Macarena,87.8,221,bajo
2026-06-27,1,5,Itagüí,128.4,285,bajo
2026-06-27,1,5,Bello,126.7,141,bajo
2026-06-27,2,5,Av. 80,130.4,318,bajo
2026-06-27,2,5,Av. Regional,160.8,417,bajo
2026-06-27,2,5,Calle 33,103.6,136,bajo
2026-06-27,2,5,El Poblado,116.6,272,bajo
2026-06-27,2,5,Guayabal,147.5,153,bajo
2026-06-27,2,5,Laureles,111.2,254,bajo
2026-06-27,2,5,Estadio/Atanasio,88.9,97,bajo
2026-06-27,2,5,La Macarena,91.3,207,bajo
2026-06-27,2,5,Itagüí,138.7,283,bajo
2026-06-27,2,5,Bello,146.2,220,bajo
2026-06-27,3,5,Av. 80,107.2,263,bajo
2026-06-27,3,5,Av. Regional,133.2,297,bajo
2026-06-27,3,5,Calle 33,82.8,233,bajo
2026-06-27,3,5,El Poblado,97.7,168,bajo
2026-06-27,3,5,Guayabal,124.1,236,bajo
2026-06-27,3,5,Laureles,90.4,117,bajo
2026-06-27,3,5,Estadio/Atanasio,72.1,60,bajo
2026-06-27,3,5,La Macarena,73.6,137,bajo
2026-06-27,3,5,Itagüí,112.2,315,bajo
2026-06-27,3,5,Bello,120.2,172,bajo
2026-06-27,4,5,Av. 80,89.7,322,bajo
2026-06-27,4,5,Av. Regional,109.5,578,bajo
2026-06-27,4,5,Calle 33,69.1,264,bajo
2026-06-27,4,5,El Poblado,76.5,416,bajo
2026-06-27,4,5,Guayabal,90.4,309,bajo
2026-06-27,4,5,Laureles,71.2,265,bajo
2026-06-27,4,5,Estadio/Atanasio,60.4,260,bajo
2026-06-27,4,5,La Macarena,64.0,139,bajo
2026-06-27,4,5,Itagüí,93.3,291,bajo
2026-06-27,4,5,Bello,98.0,222,bajo
2026-06-27,5,5,Av. 80,95.7,388,bajo
2026-06-27,5,5,Av. Regional,121.9,412,bajo
2026-06-27,5,5,Calle 33,79.4,302,bajo
2026-06-27,5,5,El Poblado,90.5,235,bajo
2026-06-27,5,5,Guayabal,112.4,397,bajo
2026-06-27,5,5,Laureles,87.9,281,bajo
2026-06-27,5,5,Estadio/Atanasio,70.0,224,bajo
2026-06-27,5,5,La Macarena,72.1,251,bajo
2026-06-27,5,5,Itagüí,107.1,233,bajo
2026-06-27,5,5,Bello,108.2,332,bajo
2026-06-27,6,5,Av. 80,34.2,1057,medio
2026-06-27,6,5,Av. Regional,37.2,1302,medio
2026-06-27,6,5,Calle 33,23.7,665,alto
2026-06-27,6,5,El Poblado,32.2,787,medio
2026-06-27,6,5,Guayabal,36.0,934,medio
2026-06-27,6,5,Laureles,25.7,630,medio
2026-06-27,6,5,Estadio/Atanasio,24.6,452,alto
2026-06-27,6,5,La Macarena,27.2,463,medio
2026-06-27,6,5,Itagüí,35.8,1061,medio
2026-06-27,6,5,Bello,37.9,797,medio
2026-06-27,7,5,Av. 80,20.5,1685,alto
2026-06-27,7,5,Av. Regional,21.8,2038,alto
2026-06-27,7,5,Calle 33,20.1,1204,alto
2026-06-27,7,5,El Poblado,20.5,1480,alto
2026-06-27,7,5,Guayabal,25.4,1573,medio
2026-06-27,7,5,Laureles,17.2,1102,alto
2026-06-27,7,5,Estadio/Atanasio,12.0,855,muy_alto
2026-06-27,7,5,La Macarena,17.5,851,alto
2026-06-27,7,5,Itagüí,24.2,1616,alto
2026-06-27,7,5,Bello,23.9,1345,alto
2026-06-27,8,5,Av. 80,18.2,1923,alto
2026-06-27,8,5,Av. Regional,24.1,2387,alto
2026-06-27,8,5,Calle 33,9.0,1208,muy_alto
2026-06-27,8,5,El Poblado,18.2,1597,alto
2026-06-27,8,5,Guayabal,22.2,1695,alto
2026-06-27,8,5,Laureles,16.7,1202,alto
2026-06-27,8,5,Estadio/Atanasio,12.0,932,muy_alto
2026-06-27,8,5,La Macarena,15.3,788,alto
2026-06-27,8,5,Itagüí,24.9,1783,alto
2026-06-27,8,5,Bello,17.4,1605,alto
2026-06-27,9,5,Av. 80,15.3,1924,alto
2026-06-27,9,5,Av. Regional,19.7,2441,alto
2026-06-27,9,5,Calle 33,12.4,1392,muy_alto
2026-06-27,9,5,El Poblado,9.3,1685,muy_alto
2026-06-27,9,5,Guayabal,18.6,1691,alto
2026-06-27,9,5,Laureles,17.7,1160,alto
2026-06-27,9,5,Estadio/Atanasio,7.6,945,muy_alto
2026-06-27,9,5,La Macarena,15.9,884,alto
2026-06-27,9,5,Itagüí,15.9,1804,alto
2026-06-27,9,5,Bello,19.2,1628,alto
2026-06-27,10,5,Av. 80,38.6,1027,bajo
2026-06-27,10,5,Av. Regional,42.8,1270,bajo
2026-06-27,10,5,Calle 33,26.0,549,medio
2026-06-27,10,5,El Poblado,36.1,815,medio
2026-06-27,10,5,Guayabal,39.3,811,bajo
2026-06-27,10,5,Laureles,34.5,668,medio
2026-06-27,10,5,Estadio/Atanasio,31.3,500,medio
2026-06-27,10,5,La Macarena,26.3,428,medio
2026-06-27,10,5,Itagüí,40.9,976,bajo
2026-06-27,10,5,Bello,39.1,817,bajo
2026-06-27,11,5,Av. 80,32.2,1157,medio
2026-06-27,11,5,Av. Regional,32.2,1296,medio
2026-06-27,11,5,Calle 33,21.5,675,alto
2026-06-27,11,5,El Poblado,20.0,986,alto
2026-06-27,11,5,Guayabal,35.8,1006,medio
2026-06-27,11,5,Laureles,23.3,678,alto
2026-06-27,11,5,Estadio/Atanasio,16.0,467,alto
2026-06-27,11,5,La Macarena,25.8,521,medio
2026-06-27,11,5,Itagüí,30.1,1010,medio
2026-06-27,11,5,Bello,33.1,842,medio
2026-06-27,12,5,Av. 80,39.7,964,bajo
2026-06-27,12,5,Av. Regional,37.7,1228,medio
2026-06-27,12,5,Calle 33,27.9,642,medio
2026-06-27,12,5,El Poblado,28.8,744,medio
2026-06-27,12,5,Guayabal,41.2,964,bajo
2026-06-27,12,5,Laureles,25.7,666,medio
2026-06-27,12,5,Estadio/Atanasio,18.4,540,alto
2026-06-27,12,5,La Macarena,29.4,382,medio
2026-06-27,12,5,Itagüí,38.5,944,bajo
2026-06-27,12,5,Bello,37.8,676,medio
2026-06-27,13,5,Av. 80,37.2,1094,medio
2026-06-27,13,5,Av. Regional,36.6,1233,medio
2026-06-27,13,5,Calle 33,31.0,627,medio
2026-06-27,13,5,El Poblado,24.1,865,alto
2026-06-27,13,5,Guayabal,33.8,989,medio
2026-06-27,13,5,Laureles,25.4,672,medio
2026-06-27,13,5,Estadio/Atanasio,23.5,609,alto
2026-06-27,13,5,La Macarena,26.0,432,medio
2026-06-27,13,5,Itagüí,34.6,1085,medio
2026-06-27,13,5,Bello,36.1,858,medio
2026-06-27,14,5,Av. 80,24.7,1355,alto
2026-06-27,14,5,Av. Regional,30.6,1617,medio
2026-06-27,14,5,Calle 33,20.0,813,alto
2026-06-27,14,5,El Poblado,20.6,1043,alto
2026-06-27,14,5,Guayabal,30.5,1161,medio
2026-06-27,14,5,Laureles,21.3,880,alto
2026-06-27,14,5,Estadio/Atanasio,15.2,590,alto
2026-06-27,14,5,La Macarena,18.2,676,alto
2026-06-27,14,5,Itagüí,33.1,1292,medio
2026-06-27,14,5,Bello,27.7,993,medio
2026-06-27,15,5,Av. 80,20.0,1461,alto
2026-06-27,15,5,Av. Regional,31.6,1777,medio
2026-06-27,15,5,Calle 33,20.4,977,alto
2026-06-27,15,5,El Poblado,15.6,1186,alto
2026-06-27,15,5,Guayabal,27.5,1143,medio
2026-06-27,15,5,Laureles,21.1,834,alto
2026-06-27,15,5,Estadio/Atanasio,17.2,690,alto
2026-06-27,15,5,La Macarena,15.5,619,alto
2026-06-27,15,5,Itagüí,25.7,1247,medio
2026-06-27,15,5,Bello,28.0,1174,medio
2026-06-27,16,5,Av. 80,26.2,1341,medio
2026-06-27,16,5,Av. Regional,32.6,1667,medio
2026-06-27,16,5,Calle 33,20.6,897,alto
2026-06-27,16,5,El Poblado,23.4,1081,alto
2026-06-27,16,5,Guayabal,29.2,1275,medio
2026-06-27,16,5,Laureles,21.0,743,alto
2026-06-27,16,5,Estadio/Atanasio,19.0,705,alto
2026-06-27,16,5,La Macarena,18.7,542,alto
2026-06-27,16,5,Itagüí,30.0,1343,medio
2026-06-27,16,5,Bello,34.1,1126,medio
2026-06-27,17,5,Av. 80,19.3,2077,alto
2026-06-27,17,5,Av. Regional,19.1,2549,alto
2026-06-27,17,5,Calle 33,10.8,1400,muy_alto
2026-06-27,17,5,El Poblado,13.5,1778,muy_alto
2026-06-27,17,5,Guayabal,20.8,1911,alto
2026-06-27,17,5,Laureles,13.3,1208,muy_alto
2026-06-27,17,5,Estadio/Atanasio,14.7,1039,muy_alto
2026-06-27,17,5,La Macarena,10.8,888,muy_alto
2026-06-27,17,5,Itagüí,13.3,1952,muy_alto
2026-06-27,17,5,Bello,21.6,1612,alto
2026-06-27,18,5,Av. 80,11.7,1915,muy_alto
2026-06-27,18,5,Av. Regional,25.0,2410,medio
2026-06-27,18,5,Calle 33,11.9,1353,muy_alto
2026-06-27,18,5,El Poblado,11.8,1603,muy_alto
2026-06-27,18,5,Guayabal,20.3,1718,alto
2026-06-27,18,5,Laureles,12.9,1148,muy_alto
2026-06-27,18,5,Estadio/Atanasio,11.9,945,muy_alto
2026-06-27,18,5,La Macarena,17.5,779,alto
2026-06-27,18,5,Itagüí,14.1,1730,muy_alto
2026-06-27,18,5,Bello,20.3,1437,alto
2026-06-27,19,5,Av. 80,18.9,2017,alto
2026-06-27,19,5,Av. Regional,23.5,2509,alto
2026-06-27,19,5,Calle 33,12.6,1280,muy_alto
2026-06-27,19,5,El Poblado,16.4,1577,alto
2026-06-27,19,5,Guayabal,18.8,1692,alto
2026-06-27,19,5,Laureles,10.3,1152,muy_alto
2026-06-27,19,5,Estadio/Atanasio,12.6,1013,muy_alto
2026-06-27,19,5,La Macarena,8.9,838,muy_alto
2026-06-27,19,5,Itagüí,19.9,1940,alto
2026-06-27,19,5,Bello,19.7,1486,alto
2026-06-27,20,5,Av. 80,29.1,1108,medio
2026-06-27,20,5,Av. Regional,33.2,1552,medio
2026-06-27,20,5,Calle 33,18.9,812,alto
2026-06-27,20,5,El Poblado,25.4,979,medio
2026-06-27,20,5,Guayabal,29.9,1163,medio
2026-06-27,20,5,Laureles,25.5,693,medio
2026-06-27,20,5,Estadio/Atanasio,17.2,686,alto
2026-06-27,20,5,La Macarena,21.7,471,alto
2026-06-27,20,5,Itagüí,27.8,1093,medio
2026-06-27,20,5,Bello,31.0,967,medio
2026-06-27,21,5,Av. 80,27.8,1150,medio
2026-06-27,21,5,Av. Regional,37.9,1375,medio
2026-06-27,21,5,Calle 33,24.7,776,alto
2026-06-27,21,5,El Poblado,34.1,850,medio
2026-06-27,21,5,Guayabal,35.7,1008,medio
2026-06-27,21,5,Laureles,22.1,698,alto
2026-06-27,21,5,Estadio/Atanasio,16.8,491,alto
2026-06-27,21,5,La Macarena,19.8,460,alto
2026-06-27,21,5,Itagüí,35.3,1008,medio
2026-06-27,21,5,Bello,32.6,929,medio
2026-06-27,22,5,Av. 80,88.4,472,bajo
2026-06-27,22,5,Av. Regional,104.8,444,bajo
2026-06-27,22,5,Calle 33,69.8,320,bajo
2026-06-27,22,5,El Poblado,75.8,343,bajo
2026-06-27,22,5,Guayabal,93.5,282,bajo
2026-06-27,22,5,Laureles,74.5,280,bajo
2026-06-27,22,5,Estadio/Atanasio,56.4,105,bajo
2026-06-27,22,5,La Macarena,60.4,210,bajo
2026-06-27,22,5,Itagüí,95.8,452,bajo
2026-06-27,22,5,Bello,93.4,355,bajo
2026-06-27,23,5,Av. 80,74.8,431,bajo
2026-06-27,23,5,Av. Regional,87.6,509,bajo
2026-06-27,23,5,Calle 33,62.3,233,bajo
2026-06-27,23,5,El Poblado,63.7,474,bajo
2026-06-27,23,5,Guayabal,82.9,414,bajo
2026-06-27,23,5,Laureles,65.7,225,bajo
2026-06-27,23,5,Estadio/Atanasio,49.6,167,bajo
2026-06-27,23,5,La Macarena,53.1,202,bajo
2026-06-27,23,5,Itagüí,73.6,435,bajo
2026-06-27,23,5,Bello,86.5,383,bajo
2026-06-28,0,6,Av. 80,105.8,273,bajo
2026-06-28,0,6,Av. Regional,139.3,413,bajo
2026-06-28,0,6,Calle 33,83.1,268,bajo
2026-06-28,0,6,El Poblado,97.4,309,bajo
2026-06-28,0,6,Guayabal,122.8,245,bajo
2026-06-28,0,6,Laureles,87.3,135,bajo
2026-06-28,0,6,Estadio/Atanasio,69.1,126,bajo
2026-06-28,0,6,La Macarena,73.7,168,bajo
2026-06-28,0,6,Itagüí,121.1,225,bajo
2026-06-28,0,6,Bello,122.2,259,bajo
2026-06-28,1,6,Av. 80,139.6,224,bajo
2026-06-28,1,6,Av. Regional,168.8,233,bajo
2026-06-28,1,6,Calle 33,105.3,170,bajo
2026-06-28,1,6,El Poblado,124.2,295,bajo
2026-06-28,1,6,Guayabal,157.0,131,bajo
2026-06-28,1,6,Laureles,115.6,195,bajo
2026-06-28,1,6,Estadio/Atanasio,85.0,46,bajo
2026-06-28,1,6,La Macarena,96.6,101,bajo
2026-06-28,1,6,Itagüí,149.7,198,bajo
2026-06-28,1,6,Bello,155.6,212,bajo
2026-06-28,2,6,Av. 80,86.8,490,bajo
2026-06-28,2,6,Av. Regional,105.7,409,bajo
2026-06-28,2,6,Calle 33,68.5,197,bajo
2026-06-28,2,6,El Poblado,77.3,366,bajo
2026-06-28,2,6,Guayabal,96.3,312,bajo
2026-06-28,2,6,Laureles,72.7,243,bajo
2026-06-28,2,6,Estadio/Atanasio,52.8,274,bajo
2026-06-28,2,6,La Macarena,63.7,262,bajo
2026-06-28,2,6,Itagüí,99.8,323,bajo
2026-06-28,2,6,Bello,93.8,209,bajo
2026-06-28,3,6,Av. 80,76.9,449,bajo
2026-06-28,3,6,Av. Regional,93.1,459,bajo
2026-06-28,3,6,Calle 33,57.9,356,bajo
2026-06-28,3,6,El Poblado,71.2,407,bajo
2026-06-28,3,6,Guayabal,83.6,312,bajo
2026-06-28,3,6,Laureles,63.0,246,bajo
2026-06-28,3,6,Estadio/Atanasio,49.5,143,bajo
2026-06-28,3,6,La Macarena,52.6,108,bajo
2026-06-28,3,6,Itagüí,80.6,377,bajo
2026-06-28,3,6,Bello,85.3,281,bajo
2026-06-28,4,6,Av. 80,83.5,402,bajo
2026-06-28,4,6,Av. Regional,92.1,573,bajo
2026-06-28,4,6,Calle 33,60.0,332,bajo
2026-06-28,4,6,El Poblado,67.3,298,bajo
2026-06-28,4,6,Guayabal,82.1,447,bajo
2026-06-28,4,6,Laureles,65.3,369,bajo
2026-06-28,4,6,Estadio/Atanasio,52.2,219,bajo
2026-06-28,4,6,La Macarena,54.3,190,bajo
2026-06-28,4,6,Itagüí,81.3,469,bajo
2026-06-28,4,6,Bello,78.6,308,bajo
2026-06-28,5,6,Av. 80,74.0,363,bajo
2026-06-28,5,6,Av. Regional,100.3,433,bajo
2026-06-28,5,6,Calle 33,60.8,317,bajo
2026-06-28,5,6,El Poblado,74.7,386,bajo
2026-06-28,5,6,Guayabal,86.1,357,bajo
2026-06-28,5,6,Laureles,65.5,319,bajo
2026-06-28,5,6,Estadio/Atanasio,50.8,195,bajo
2026-06-28,5,6,La Macarena,55.3,235,bajo
2026-06-28,5,6,Itagüí,84.3,411,bajo
2026-06-28,5,6,Bello,85.6,275,bajo
2026-06-28,6,6,Av. 80,21.4,1267,alto
2026-06-28,6,6,Av. Regional,34.5,1672,medio
2026-06-28,6,6,Calle 33,12.5,839,muy_alto
2026-06-28,6,6,El Poblado,25.9,1112,medio
2026-06-28,6,6,Guayabal,34.0,1076,medio
2026-06-28,6,6,Laureles,18.8,858,alto
2026-06-28,6,6,Estadio/Atanasio,20.9,643,alto
2026-06-28,6,6,La Macarena,17.5,617,alto
2026-06-28,6,6,Itagüí,27.6,1291,medio
2026-06-28,6,6,Bello,28.4,1002,medio
2026-06-28,7,6,Av. 80,14.9,1942,muy_alto
2026-06-28,7,6,Av. Regional,23.6,2298,alto
2026-06-28,7,6,Calle 33,16.7,1353,alto
2026-06-28,7,6,El Poblado,14.4,1573,muy_alto
2026-06-28,7,6,Guayabal,15.7,1736,alto
2026-06-28,7,6,Laureles,12.8,1257,muy_alto
2026-06-28,7,6,Estadio/Atanasio,6.7,971,muy_alto
2026-06-28,7,6,La Macarena,12.7,774,muy_alto
2026-06-28,7,6,Itagüí,21.3,1883,alto
2026-06-28,7,6,Bello,16.2,1541,alto
2026-06-28,8,6,Av. 80,19.3,1857,alto
2026-06-28,8,6,Av. Regional,23.2,2355,alto
2026-06-28,8,6,Calle 33,12.4,1263,muy_alto
2026-06-28,8,6,El Poblado,19.5,1573,alto
2026-06-28,8,6,Guayabal,15.7,1556,alto
2026-06-28,8,6,Laureles,14.4,1089,muy_alto
2026-06-28,8,6,Estadio/Atanasio,14.7,853,muy_alto
2026-06-28,8,6,La Macarena,11.0,756,muy_alto
2026-06-28,8,6,Itagüí,16.9,1826,alto
2026-06-28,8,6,Bello,14.0,1419,muy_alto
2026-06-28,9,6,Av. 80,19.7,2022,alto
2026-06-28,9,6,Av. Regional,20.0,2569,alto
2026-06-28,9,6,Calle 33,12.9,1276,muy_alto
2026-06-28,9,6,El Poblado,15.6,1687,alto
2026-06-28,9,6,Guayabal,21.8,1876,alto
2026-06-28,9,6,Laureles,15.8,1171,alto
2026-06-28,9,6,Estadio/Atanasio,7.1,1065,muy_alto
2026-06-28,9,6,La Macarena,8.9,991,muy_alto
2026-06-28,9,6,Itagüí,19.8,1867,alto
2026-06-28,9,6,Bello,22.0,1547,alto
2026-06-28,10,6,Av. 80,34.5,1012,medio
2026-06-28,10,6,Av. Regional,39.0,1150,bajo
2026-06-28,10,6,Calle 33,29.1,730,medio
2026-06-28,10,6,El Poblado,27.6,819,medio
2026-06-28,10,6,Guayabal,33.6,852,medio
2026-06-28,10,6,Laureles,26.9,556,medio
2026-06-28,10,6,Estadio/Atanasio,26.4,576,medio
2026-06-28,10,6,La Macarena,25.6,473,medio
2026-06-28,10,6,Itagüí,38.8,869,bajo
2026-06-28,10,6,Bello,37.2,839,medio
2026-06-28,11,6,Av. 80,31.4,906,medio
2026-06-28,11,6,Av. Regional,41.9,1295,bajo
2026-06-28,11,6,Calle 33,26.9,594,medio
2026-06-28,11,6,El Poblado,33.1,851,medio
2026-06-28,11,6,Guayabal,38.9,936,bajo
2026-06-28,11,6,Laureles,26.3,565,medio
2026-06-28,11,6,Estadio/Atanasio,16.4,510,alto
2026-06-28,11,6,La Macarena,27.4,363,medio
2026-06-28,11,6,Itagüí,37.6,1010,medio
2026-06-28,11,6,Bello,37.7,704,medio
2026-06-28,12,6,Av. 80,25.7,1106,medio
2026-06-28,12,6,Av. Regional,39.2,1338,bajo
2026-06-28,12,6,Calle 33,22.3,818,alto
2026-06-28,12,6,El Poblado,26.9,1021,medio
2026-06-28,12,6,Guayabal,28.7,1023,medio
2026-06-28,12,6,Laureles,25.4,762,medio
2026-06-28,12,6,Estadio/Atanasio,20.7,510,alto
2026-06-28,12,6,La Macarena,18.9,468,alto
2026-06-28,12,6,Itagüí,31.3,1090,medio
2026-06-28,12,6,Bello,28.1,851,medio
2026-06-28,13,6,Av. 80,33.7,1361,medio
2026-06-28,13,6,Av. Regional,35.9,1465,medio
2026-06-28,13,6,Calle 33,22.5,908,alto
2026-06-28,13,6,El Poblado,18.5,994,alto
2026-06-28,13,6,Guayabal,30.7,1163,medio
2026-06-28,13,6,Laureles,25.3,791,medio
2026-06-28,13,6,Estadio/Atanasio,18.5,610,alto
2026-06-28,13,6,La Macarena,15.4,596,alto
2026-06-28,13,6,Itagüí,30.2,1238,medio
2026-06-28,13,6,Bello,30.8,997,medio
2026-06-28,14,6,Av. 80,34.3,935,medio
2026-06-28,14,6,Av. Regional,43.2,1302,bajo
2026-06-28,14,6,Calle 33,28.1,738,medio
2026-06-28,14,6,El Poblado,34.0,820,medio
2026-06-28,14,6,Guayabal,40.6,975,bajo
2026-06-28,14,6,Laureles,26.3,612,medio
2026-06-28,14,6,Estadio/Atanasio,22.9,424,alto
2026-06-28,14,6,La Macarena,24.4,369,alto
2026-06-28,14,6,Itagüí,38.0,888,bajo
2026-06-28,14,6,Bello,39.4,772,bajo
2026-06-28,15,6,Av. 80,26.2,1289,medio
2026-06-28,15,6,Av. Regional,36.1,1661,medio
2026-06-28,15,6,Calle 33,18.2,778,alto
2026-06-28,15,6,El Poblado,17.3,1111,alto
2026-06-28,15,6,Guayabal,30.2,1082,medio
2026-06-28,15,6,Laureles,25.2,741,medio
2026-06-28,15,6,Estadio/Atanasio,13.1,600,muy_alto
2026-06-28,15,6,La Macarena,22.7,645,alto
2026-06-28,15,6,Itagüí,28.8,1121,medio
2026-06-28,15,6,Bello,27.0,916,medio
2026-06-28,16,6,Av. 80,26.2,1305,medio
2026-06-28,16,6,Av. Regional,31.9,1576,medio
2026-06-28,16,6,Calle 33,25.8,830,medio
2026-06-28,16,6,El Poblado,26.7,1108,medio
2026-06-28,16,6,Guayabal,32.2,1080,medio
2026-06-28,16,6,Laureles,21.0,740,alto
2026-06-28,16,6,Estadio/Atanasio,21.2,653,alto
2026-06-28,16,6,La Macarena,17.1,624,alto
2026-06-28,16,6,Itagüí,28.9,1275,medio
2026-06-28,16,6,Bello,33.8,984,medio
2026-06-28,17,6,Av. 80,16.6,1806,alto
2026-06-28,17,6,Av. Regional,22.9,2201,alto
2026-06-28,17,6,Calle 33,19.4,1150,alto
2026-06-28,17,6,El Poblado,18.9,1509,alto
2026-06-28,17,6,Guayabal,18.2,1495,alto
2026-06-28,17,6,Laureles,21.7,1141,alto
2026-06-28,17,6,Estadio/Atanasio,11.7,992,muy_alto
2026-06-28,17,6,La Macarena,14.4,742,muy_alto
2026-06-28,17,6,Itagüí,19.3,1728,alto
2026-06-28,17,6,Bello,24.5,1382,alto
2026-06-28,18,6,Av. 80,16.4,1862,alto
2026-06-28,18,6,Av. Regional,18.5,2240,alto
2026-06-28,18,6,Calle 33,12.3,1255,muy_alto
2026-06-28,18,6,El Poblado,18.2,1602,alto
2026-06-28,18,6,Guayabal,18.6,1668,alto
2026-06-28,18,6,Laureles,16.7,1161,alto
2026-06-28,18,6,Estadio/Atanasio,7.7,1004,muy_alto
2026-06-28,18,6,La Macarena,5.0,823,muy_alto
2026-06-28,18,6,Itagüí,19.6,1795,alto
2026-06-28,18,6,Bello,20.9,1390,alto
2026-06-28,19,6,Av. 80,19.8,1644,alto
2026-06-28,19,6,Av. Regional,22.2,2081,alto
2026-06-28,19,6,Calle 33,15.1,1158,alto
2026-06-28,19,6,El Poblado,18.3,1391,alto
2026-06-28,19,6,Guayabal,20.0,1389,alto
2026-06-28,19,6,Laureles,14.5,1034,muy_alto
2026-06-28,19,6,Estadio/Atanasio,13.5,835,muy_alto
2026-06-28,19,6,La Macarena,15.4,707,alto
2026-06-28,19,6,Itagüí,21.9,1652,alto
2026-06-28,19,6,Bello,20.6,1298,alto
2026-06-28,20,6,Av. 80,28.2,871,medio
2026-06-28,20,6,Av. Regional,46.0,1148,bajo
2026-06-28,20,6,Calle 33,28.3,685,medio
2026-06-28,20,6,El Poblado,31.8,879,medio
2026-06-28,20,6,Guayabal,34.7,814,medio
2026-06-28,20,6,Laureles,28.4,653,medio
2026-06-28,20,6,Estadio/Atanasio,20.3,430,alto
2026-06-28,20,6,La Macarena,26.9,475,medio
2026-06-28,20,6,Itagüí,38.7,950,bajo
2026-06-28,20,6,Bello,39.0,838,bajo
2026-06-28,21,6,Av. 80,33.3,959,medio
2026-06-28,21,6,Av. Regional,40.7,1194,bajo
2026-06-28,21,6,Calle 33,30.0,619,medio
2026-06-28,21,6,El Poblado,38.7,784,bajo
2026-06-28,21,6,Guayabal,39.7,947,bajo
2026-06-28,21,6,Laureles,31.3,670,medio
2026-06-28,21,6,Estadio/Atanasio,24.2,591,alto
2026-06-28,21,6,La Macarena,30.0,536,medio
2026-06-28,21,6,Itagüí,36.2,838,medio
2026-06-28,21,6,Bello,41.9,670,bajo
2026-06-28,22,6,Av. 80,87.3,432,bajo
2026-06-28,22,6,Av. Regional,107.0,486,bajo
2026-06-28,22,6,Calle 33,73.2,234,bajo
2026-06-28,22,6,El Poblado,77.3,311,bajo
2026-06-28,22,6,Guayabal,96.7,304,bajo
2026-06-28,22,6,Laureles,74.9,274,bajo
2026-06-28,22,6,Estadio/Atanasio,52.2,114,bajo
2026-06-28,22,6,La Macarena,62.4,92,bajo
2026-06-28,22,6,Itagüí,98.5,382,bajo
2026-06-28,22,6,Bello,98.5,344,bajo
2026-06-28,23,6,Av. 80,120.3,348,bajo
2026-06-28,23,6,Av. Regional,149.9,301,bajo
2026-06-28,23,6,Calle 33,95.5,152,bajo
2026-06-28,23,6,El Poblado,112.7,286,bajo
2026-06-28,23,6,Guayabal,134.1,193,bajo
2026-06-28,23,6,Laureles,100.4,168,bajo
2026-06-28,23,6,Estadio/Atanasio,84.7,206,bajo
2026-06-28,23,6,La Macarena,84.9,204,bajo
2026-06-28,23,6,Itagüí,122.9,336,bajo
2026-06-28,23,6,Bello,131.8,265,bajo
2026-06-29,0,0,Av. 80,154.6,425,bajo
2026-06-29,0,0,Av. Regional,189.3,685,bajo
2026-06-29,0,0,Calle 33,125.2,329,bajo
2026-06-29,0,0,El Poblado,136.7,403,bajo
2026-06-29,0,0,Guayabal,172.1,536,bajo
2026-06-29,0,0,Laureles,135.7,320,bajo
2026-06-29,0,0,Estadio/Atanasio,95.8,356,bajo
2026-06-29,0,0,La Macarena,114.2,141,bajo
2026-06-29,0,0,Itagüí,167.7,497,bajo
2026-06-29,0,0,Bello,170.1,305,bajo
2026-06-29,1,0,Av. 80,118.7,710,bajo
2026-06-29,1,0,Av. Regional,141.1,741,bajo
2026-06-29,1,0,Calle 33,93.1,461,bajo
2026-06-29,1,0,El Poblado,107.7,569,bajo
2026-06-29,1,0,Guayabal,138.0,525,bajo
2026-06-29,1,0,Laureles,96.9,348,bajo
2026-06-29,1,0,Estadio/Atanasio,80.1,359,bajo
2026-06-29,1,0,La Macarena,82.7,218,bajo
2026-06-29,1,0,Itagüí,126.5,565,bajo
2026-06-29,1,0,Bello,132.7,588,bajo
2026-06-29,2,0,Av. 80,134.1,514,bajo
2026-06-29,2,0,Av. Regional,167.5,687,bajo
2026-06-29,2,0,Calle 33,110.6,316,bajo
2026-06-29,2,0,El Poblado,130.1,537,bajo
2026-06-29,2,0,Guayabal,150.5,431,bajo
2026-06-29,2,0,Laureles,118.0,374,bajo
2026-06-29,2,0,Estadio/Atanasio,92.6,324,bajo
2026-06-29,2,0,La Macarena,100.1,236,bajo
2026-06-29,2,0,Itagüí,143.8,475,bajo
2026-06-29,2,0,Bello,151.4,512,bajo
2026-06-29,3,0,Av. 80,122.5,736,bajo
2026-06-29,3,0,Av. Regional,149.5,736,bajo
2026-06-29,3,0,Calle 33,93.9,395,bajo
2026-06-29,3,0,El Poblado,103.4,521,bajo
2026-06-29,3,0,Guayabal,140.6,633,bajo
2026-06-29,3,0,Laureles,108.6,317,bajo
2026-06-29,3,0,Estadio/Atanasio,81.8,242,bajo
2026-06-29,3,0,La Macarena,91.3,282,bajo
2026-06-29,3,0,Itagüí,128.7,535,bajo
2026-06-29,3,0,Bello,137.9,572,bajo
2026-06-29,4,0,Av. 80,168.4,543,bajo
2026-06-29,4,0,Av. Regional,208.1,680,bajo
2026-06-29,4,0,Calle 33,130.9,417,bajo
2026-06-29,4,0,El Poblado,152.5,383,bajo
2026-06-29,4,0,Guayabal,188.0,509,bajo
2026-06-29,4,0,Laureles,141.6,343,bajo
2026-06-29,4,0,Estadio/Atanasio,111.4,158,bajo
2026-06-29,4,0,La Macarena,117.1,168,bajo
2026-06-29,4,0,Itagüí,184.2,491,bajo
2026-06-29,4,0,Bello,184.7,415,bajo
2026-06-29,5,0,Av. 80,129.3,649,bajo
2026-06-29,5,0,Av. Regional,159.0,810,bajo
2026-06-29,5,0,Calle 33,101.1,413,bajo
2026-06-29,5,0,El Poblado,118.9,526,bajo
2026-06-29,5,0,Guayabal,136.4,564,bajo
2026-06-29,5,0,Laureles,100.8,359,bajo
2026-06-29,5,0,Estadio/Atanasio,84.2,294,bajo
2026-06-29,5,0,La Macarena,87.6,265,bajo
2026-06-29,5,0,Itagüí,135.7,513,bajo
2026-06-29,5,0,Bello,140.6,547,bajo
2026-06-29,6,0,Av. 80,39.1,2144,bajo
2026-06-29,6,0,Av. Regional,44.3,2688,bajo
2026-06-29,6,0,Calle 33,31.1,1350,medio
2026-06-29,6,0,El Poblado,36.4,1851,medio
2026-06-29,6,0,Guayabal,44.8,1816,bajo
2026-06-29,6,0,Laureles,30.4,1379,medio
2026-06-29,6,0,Estadio/Atanasio,20.9,1147,alto
2026-06-29,6,0,La Macarena,26.2,909,medio
2026-06-29,6,0,Itagüí,40.1,1925,bajo
2026-06-29,6,0,Bello,41.5,1624,bajo
2026-06-29,7,0,Av. 80,30.2,2880,medio
2026-06-29,7,0,Av. Regional,32.1,3665,medio
2026-06-29,7,0,Calle 33,23.5,1919,alto
2026-06-29,7,0,El Poblado,29.2,2347,medio
2026-06-29,7,0,Guayabal,29.7,2587,medio
2026-06-29,7,0,Laureles,25.7,1857,medio
2026-06-29,7,0,Estadio/Atanasio,22.2,1539,alto
2026-06-29,7,0,La Macarena,20.0,1358,alto
2026-06-29,7,0,Itagüí,24.6,2714,alto
2026-06-29,7,0,Bello,29.2,2325,medio
2026-06-29,8,0,Av. 80,32.6,2625,medio
2026-06-29,8,0,Av. Regional,42.1,3224,bajo
2026-06-29,8,0,Calle 33,21.2,1756,alto
2026-06-29,8,0,El Poblado,27.7,2063,medio
2026-06-29,8,0,Guayabal,34.0,2200,medio
2026-06-29,8,0,Laureles,25.6,1518,medio
2026-06-29,8,0,Estadio/Atanasio,25.3,1360,medio
2026-06-29,8,0,La Macarena,21.6,1171,alto
2026-06-29,8,0,Itagüí,31.2,2326,medio
2026-06-29,8,0,Bello,36.2,2044,medio
2026-06-29,9,0,Av. 80,25.6,3090,medio
2026-06-29,9,0,Av. Regional,26.8,3672,medio
2026-06-29,9,0,Calle 33,18.5,2109,alto
2026-06-29,9,0,El Poblado,18.7,2616,alto
2026-06-29,9,0,Guayabal,29.5,2669,medio
2026-06-29,9,0,Laureles,20.8,1921,alto
2026-06-29,9,0,Estadio/Atanasio,16.9,1627,alto
2026-06-29,9,0,La Macarena,13.9,1363,muy_alto
2026-06-29,9,0,Itagüí,34.9,2955,medio
2026-06-29,9,0,Bello,27.6,2334,medio
2026-06-29,10,0,Av. 80,53.4,1850,bajo
2026-06-29,10,0,Av. Regional,54.1,2101,bajo
2026-06-29,10,0,Calle 33,39.0,1250,bajo
2026-06-29,10,0,El Poblado,39.1,1559,bajo
2026-06-29,10,0,Guayabal,45.4,1591,bajo
2026-06-29,10,0,Laureles,39.2,984,bajo
2026-06-29,10,0,Estadio/Atanasio,28.9,797,medio
2026-06-29,10,0,La Macarena,35.2,770,medio
2026-06-29,10,0,Itagüí,52.1,1746,bajo
2026-06-29,10,0,Bello,51.3,1310,bajo
2026-06-29,11,0,Av. 80,54.5,1499,bajo
2026-06-29,11,0,Av. Regional,68.1,1762,bajo
2026-06-29,11,0,Calle 33,47.6,945,bajo
2026-06-29,11,0,El Poblado,47.1,1316,bajo
2026-06-29,11,0,Guayabal,58.0,1386,bajo
2026-06-29,11,0,Laureles,49.3,953,bajo
2026-06-29,11,0,Estadio/Atanasio,35.5,804,medio
2026-06-29,11,0,La Macarena,39.9,725,bajo
2026-06-29,11,0,Itagüí,64.0,1473,bajo
2026-06-29,11,0,Bello,64.3,1103,bajo
2026-06-29,12,0,Av. 80,40.7,1762,bajo
2026-06-29,12,0,Av. Regional,55.5,2152,bajo
2026-06-29,12,0,Calle 33,39.5,1119,bajo
2026-06-29,12,0,El Poblado,42.3,1451,bajo
2026-06-29,12,0,Guayabal,55.8,1426,bajo
2026-06-29,12,0,Laureles,37.4,1138,medio
2026-06-29,12,0,Estadio/Atanasio,35.5,808,medio
2026-06-29,12,0,La Macarena,37.5,736,medio
2026-06-29,12,0,Itagüí,50.5,1571,bajo
2026-06-29,12,0,Bello,60.1,1351,bajo
2026-06-29,13,0,Av. 80,52.3,1620,bajo
2026-06-29,13,0,Av. Regional,64.0,1915,bajo
2026-06-29,13,0,Calle 33,42.0,1045,bajo
2026-06-29,13,0,El Poblado,52.3,1312,bajo
2026-06-29,13,0,Guayabal,60.0,1318,bajo
2026-06-29,13,0,Laureles,50.6,884,bajo
2026-06-29,13,0,Estadio/Atanasio,33.8,722,medio
2026-06-29,13,0,La Macarena,38.1,625,bajo
2026-06-29,13,0,Itagüí,56.2,1489,bajo
2026-06-29,13,0,Bello,54.6,1121,bajo
2026-06-29,14,0,Av. 80,37.6,2046,medio
2026-06-29,14,0,Av. Regional,53.6,2576,bajo
2026-06-29,14,0,Calle 33,27.9,1386,medio
2026-06-29,14,0,El Poblado,31.9,1636,medio
2026-06-29,14,0,Guayabal,48.1,1915,bajo
2026-06-29,14,0,Laureles,32.6,1346,medio
2026-06-29,14,0,Estadio/Atanasio,20.9,971,alto
2026-06-29,14,0,La Macarena,26.0,969,medio
2026-06-29,14,0,Itagüí,46.1,1934,bajo
2026-06-29,14,0,Bello,38.9,1616,bajo
2026-06-29,15,0,Av. 80,38.6,1999,bajo
2026-06-29,15,0,Av. Regional,49.9,2271,bajo
2026-06-29,15,0,Calle 33,29.7,1346,medio
2026-06-29,15,0,El Poblado,35.9,1700,medio
2026-06-29,15,0,Guayabal,50.3,1758,bajo
2026-06-29,15,0,Laureles,33.8,1130,medio
2026-06-29,15,0,Estadio/Atanasio,31.6,1050,medio
2026-06-29,15,0,La Macarena,30.1,824,medio
2026-06-29,15,0,Itagüí,44.7,1772,bajo
2026-06-29,15,0,Bello,47.8,1408,bajo
2026-06-29,16,0,Av. 80,48.3,1416,bajo
2026-06-29,16,0,Av. Regional,61.1,1805,bajo
2026-06-29,16,0,Calle 33,41.6,1076,bajo
2026-06-29,16,0,El Poblado,44.1,1280,bajo
2026-06-29,16,0,Guayabal,61.6,1438,bajo
2026-06-29,16,0,Laureles,44.3,840,bajo
2026-06-29,16,0,Estadio/Atanasio,31.1,676,medio
2026-06-29,16,0,La Macarena,33.6,638,medio
2026-06-29,16,0,Itagüí,57.1,1467,bajo
2026-06-29,16,0,Bello,60.7,1236,bajo
2026-06-29,17,0,Av. 80,32.6,2671,medio
2026-06-29,17,0,Av. Regional,36.0,3169,medio
2026-06-29,17,0,Calle 33,25.5,1744,medio
2026-06-29,17,0,El Poblado,29.8,2274,medio
2026-06-29,17,0,Guayabal,30.7,2385,medio
2026-06-29,17,0,Laureles,28.1,1616,medio
2026-06-29,17,0,Estadio/Atanasio,16.7,1410,alto
2026-06-29,17,0,La Macarena,22.3,1096,alto
2026-06-29,17,0,Itagüí,31.1,2410,medio
2026-06-29,17,0,Bello,35.8,2052,medio
2026-06-29,18,0,Av. 80,29.0,3071,medio
2026-06-29,18,0,Av. Regional,37.3,3918,medio
2026-06-29,18,0,Calle 33,17.9,2006,alto
2026-06-29,18,0,El Poblado,24.2,2672,alto
2026-06-29,18,0,Guayabal,30.1,2766,medio
2026-06-29,18,0,Laureles,22.5,1917,alto
2026-06-29,18,0,Estadio/Atanasio,17.9,1648,alto
2026-06-29,18,0,La Macarena,19.7,1347,alto
2026-06-29,18,0,Itagüí,26.3,3061,medio
2026-06-29,18,0,Bello,29.4,2371,medio
2026-06-29,19,0,Av. 80,28.4,2863,medio
2026-06-29,19,0,Av. Regional,36.6,3441,medio
2026-06-29,19,0,Calle 33,22.8,1905,alto
2026-06-29,19,0,El Poblado,28.3,2354,medio
2026-06-29,19,0,Guayabal,33.4,2580,medio
2026-06-29,19,0,Laureles,21.8,1799,alto
2026-06-29,19,0,Estadio/Atanasio,12.5,1506,muy_alto
2026-06-29,19,0,La Macarena,29.6,1349,medio
2026-06-29,19,0,Itagüí,30.1,2775,medio
2026-06-29,19,0,Bello,32.4,2295,medio
2026-06-29,20,0,Av. 80,42.4,1937,bajo
2026-06-29,20,0,Av. Regional,50.0,2404,bajo
2026-06-29,20,0,Calle 33,27.5,1297,medio
2026-06-29,20,0,El Poblado,39.1,1704,bajo
2026-06-29,20,0,Guayabal,41.9,1737,bajo
2026-06-29,20,0,Laureles,31.8,1128,medio
2026-06-29,20,0,Estadio/Atanasio,29.8,916,medio
2026-06-29,20,0,La Macarena,31.3,876,medio
2026-06-29,20,0,Itagüí,50.1,1799,bajo
2026-06-29,20,0,Bello,46.6,1641,bajo
2026-06-29,21,0,Av. 80,48.8,1626,bajo
2026-06-29,21,0,Av. Regional,64.1,2115,bajo
2026-06-29,21,0,Calle 33,35.9,1154,medio
2026-06-29,21,0,El Poblado,45.4,1366,bajo
2026-06-29,21,0,Guayabal,55.7,1393,bajo
2026-06-29,21,0,Laureles,42.3,1068,bajo
2026-06-29,21,0,Estadio/Atanasio,33.4,872,medio
2026-06-29,21,0,La Macarena,32.5,833,medio
2026-06-29,21,0,Itagüí,55.0,1649,bajo
2026-06-29,21,0,Bello,55.7,1240,bajo
2026-06-29,22,0,Av. 80,139.4,653,bajo
2026-06-29,22,0,Av. Regional,167.8,736,bajo
2026-06-29,22,0,Calle 33,109.9,428,bajo
2026-06-29,22,0,El Poblado,118.4,571,bajo
2026-06-29,22,0,Guayabal,160.1,460,bajo
2026-06-29,22,0,Laureles,119.8,314,bajo
2026-06-29,22,0,Estadio/Atanasio,90.8,351,bajo
2026-06-29,22,0,La Macarena,100.2,281,bajo
2026-06-29,22,0,Itagüí,148.2,641,bajo
2026-06-29,22,0,Bello,155.2,363,bajo
2026-06-29,23,0,Av. 80,136.3,694,bajo
2026-06-29,23,0,Av. Regional,164.0,768,bajo
2026-06-29,23,0,Calle 33,102.6,354,bajo
2026-06-29,23,0,El Poblado,118.6,426,bajo
2026-06-29,23,0,Guayabal,150.2,471,bajo
2026-06-29,23,0,Laureles,113.0,330,bajo
2026-06-29,23,0,Estadio/Atanasio,85.6,212,bajo
2026-06-29,23,0,La Macarena,96.8,186,bajo
2026-06-29,23,0,Itagüí,142.8,490,bajo
2026-06-29,23,0,Bello,145.8,396,bajo
2026-06-30,0,1,Av. 80,110.1,588,bajo
2026-06-30,0,1,Av. Regional,146.2,930,bajo
2026-06-30,0,1,Calle 33,98.8,466,bajo
2026-06-30,0,1,El Poblado,108.3,479,bajo
2026-06-30,0,1,Guayabal,127.7,556,bajo
2026-06-30,0,1,Laureles,99.9,466,bajo
2026-06-30,0,1,Estadio/Atanasio,81.0,242,bajo
2026-06-30,0,1,La Macarena,79.5,260,bajo
2026-06-30,0,1,Itagüí,124.9,660,bajo
2026-06-30,0,1,Bello,135.0,586,bajo
2026-06-30,1,1,Av. 80,176.2,436,bajo
2026-06-30,1,1,Av. Regional,211.3,569,bajo
2026-06-30,1,1,Calle 33,133.8,300,bajo
2026-06-30,1,1,El Poblado,159.1,438,bajo
2026-06-30,1,1,Guayabal,196.7,396,bajo
2026-06-30,1,1,Laureles,152.7,269,bajo
2026-06-30,1,1,Estadio/Atanasio,119.3,287,bajo
2026-06-30,1,1,La Macarena,122.0,260,bajo
2026-06-30,1,1,Itagüí,186.1,482,bajo
2026-06-30,1,1,Bello,192.3,395,bajo
2026-06-30,2,1,Av. 80,125.2,705,bajo
2026-06-30,2,1,Av. Regional,147.2,760,bajo
2026-06-30,2,1,Calle 33,97.5,453,bajo
2026-06-30,2,1,El Poblado,108.1,507,bajo
2026-06-30,2,1,Guayabal,135.5,649,bajo
2026-06-30,2,1,Laureles,109.1,364,bajo
2026-06-30,2,1,Estadio/Atanasio,85.7,368,bajo
2026-06-30,2,1,La Macarena,89.6,368,bajo
2026-06-30,2,1,Itagüí,131.8,538,bajo
2026-06-30,2,1,Bello,133.2,515,bajo
2026-06-30,3,1,Av. 80,111.3,627,bajo
2026-06-30,3,1,Av. Regional,143.0,848,bajo
2026-06-30,3,1,Calle 33,90.9,412,bajo
2026-06-30,3,1,El Poblado,105.3,633,bajo
2026-06-30,3,1,Guayabal,128.4,556,bajo
2026-06-30,3,1,Laureles,96.3,372,bajo
2026-06-30,3,1,Estadio/Atanasio,73.3,357,bajo
2026-06-30,3,1,La Macarena,81.2,337,bajo
2026-06-30,3,1,Itagüí,121.2,708,bajo
2026-06-30,3,1,Bello,128.1,549,bajo
2026-06-30,4,1,Av. 80,123.5,619,bajo
2026-06-30,4,1,Av. Regional,145.2,897,bajo
2026-06-30,4,1,Calle 33,98.0,430,bajo
2026-06-30,4,1,El Poblado,109.8,627,bajo
2026-06-30,4,1,Guayabal,134.8,499,bajo
2026-06-30,4,1,Laureles,101.4,313,bajo
2026-06-30,4,1,Estadio/Atanasio,82.2,302,bajo
2026-06-30,4,1,La Macarena,84.7,367,bajo
2026-06-30,4,1,Itagüí,134.3,710,bajo
2026-06-30,4,1,Bello,132.8,482,bajo
2026-06-30,5,1,Av. 80,116.4,636,bajo
2026-06-30,5,1,Av. Regional,141.2,779,bajo
2026-06-30,5,1,Calle 33,92.7,396,bajo
2026-06-30,5,1,El Poblado,102.8,513,bajo
2026-06-30,5,1,Guayabal,127.7,584,bajo
2026-06-30,5,1,Laureles,97.1,414,bajo
2026-06-30,5,1,Estadio/Atanasio,76.8,251,bajo
2026-06-30,5,1,La Macarena,88.2,383,bajo
2026-06-30,5,1,Itagüí,129.7,694,bajo
2026-06-30,5,1,Bello,129.4,550,bajo
2026-06-30,6,1,Av. 80,41.1,1868,bajo
2026-06-30,6,1,Av. Regional,57.9,2131,bajo
2026-06-30,6,1,Calle 33,35.1,1294,medio
2026-06-30,6,1,El Poblado,44.3,1437,bajo
2026-06-30,6,1,Guayabal,47.3,1686,bajo
2026-06-30,6,1,Laureles,38.1,1169,bajo
2026-06-30,6,1,Estadio/Atanasio,29.0,958,medio
2026-06-30,6,1,La Macarena,27.9,738,medio
2026-06-30,6,1,Itagüí,45.1,1668,bajo
2026-06-30,6,1,Bello,51.8,1435,bajo
2026-06-30,7,1,Av. 80,33.3,2964,medio
2026-06-30,7,1,Av. Regional,36.1,3592,medio
2026-06-30,7,1,Calle 33,23.1,1860,alto
2026-06-30,7,1,El Poblado,30.4,2541,medio
2026-06-30,7,1,Guayabal,29.3,2608,medio
2026-06-30,7,1,Laureles,22.1,1885,alto
2026-06-30,7,1,Estadio/Atanasio,19.4,1520,alto
2026-06-30,7,1,La Macarena,20.1,1280,alto
2026-06-30,7,1,Itagüí,30.0,2671,medio
2026-06-30,7,1,Bello,29.4,2268,medio
2026-06-30,8,1,Av. 80,25.6,3309,medio
2026-06-30,8,1,Av. Regional,25.8,3925,medio
2026-06-30,8,1,Calle 33,15.7,2253,alto
2026-06-30,8,1,El Poblado,20.4,2699,alto
2026-06-30,8,1,Guayabal,24.4,2953,alto
2026-06-30,8,1,Laureles,18.3,2074,alto
2026-06-30,8,1,Estadio/Atanasio,12.8,1671,muy_alto
2026-06-30,8,1,La Macarena,22.6,1400,alto
2026-06-30,8,1,Itagüí,28.6,3134,medio
2026-06-30,8,1,Bello,27.1,2601,medio
2026-06-30,9,1,Av. 80,28.4,2832,medio
2026-06-30,9,1,Av. Regional,32.9,3567,medio
2026-06-30,9,1,Calle 33,18.4,2015,alto
2026-06-30,9,1,El Poblado,24.3,2488,alto
2026-06-30,9,1,Guayabal,26.1,2544,medio
2026-06-30,9,1,Laureles,24.1,1798,alto
2026-06-30,9,1,Estadio/Atanasio,17.0,1390,alto
2026-06-30,9,1,La Macarena,20.5,1253,alto
2026-06-30,9,1,Itagüí,29.2,2691,medio
2026-06-30,9,1,Bello,35.1,2301,medio
2026-06-30,10,1,Av. 80,49.0,1677,bajo
2026-06-30,10,1,Av. Regional,56.5,2234,bajo
2026-06-30,10,1,Calle 33,36.5,1154,medio
2026-06-30,10,1,El Poblado,42.7,1451,bajo
2026-06-30,10,1,Guayabal,43.7,1542,bajo
2026-06-30,10,1,Laureles,40.4,1149,bajo
2026-06-30,10,1,Estadio/Atanasio,30.6,923,medio
2026-06-30,10,1,La Macarena,33.5,786,medio
2026-06-30,10,1,Itagüí,54.9,1625,bajo
2026-06-30,10,1,Bello,46.8,1377,bajo
2026-06-30,11,1,Av. 80,44.2,1795,bajo
2026-06-30,11,1,Av. Regional,52.5,2347,bajo
2026-06-30,11,1,Calle 33,34.6,1251,medio
2026-06-30,11,1,El Poblado,39.7,1537,bajo
2026-06-30,11,1,Guayabal,52.1,1661,bajo
2026-06-30,11,1,Laureles,35.6,1140,medio
2026-06-30,11,1,Estadio/Atanasio,30.3,887,medio
2026-06-30,11,1,La Macarena,31.8,875,medio
2026-06-30,11,1,Itagüí,47.2,1838,bajo
2026-06-30,11,1,Bello,49.3,1537,bajo
2026-06-30,12,1,Av. 80,40.3,2094,bajo
2026-06-30,12,1,Av. Regional,45.1,2458,bajo
2026-06-30,12,1,Calle 33,28.7,1338,medio
2026-06-30,12,1,El Poblado,33.2,1776,medio
2026-06-30,12,1,Guayabal,55.1,1765,bajo
2026-06-30,12,1,Laureles,29.5,1200,medio
2026-06-30,12,1,Estadio/Atanasio,31.0,1071,medio
2026-06-30,12,1,La Macarena,26.7,895,medio
2026-06-30,12,1,Itagüí,43.1,1823,bajo
2026-06-30,12,1,Bello,46.3,1487,bajo
2026-06-30,13,1,Av. 80,41.3,2135,bajo
2026-06-30,13,1,Av. Regional,40.2,2600,bajo
2026-06-30,13,1,Calle 33,26.8,1528,medio
2026-06-30,13,1,El Poblado,35.7,1839,medio
2026-06-30,13,1,Guayabal,43.1,1983,bajo
2026-06-30,13,1,Laureles,29.2,1283,medio
2026-06-30,13,1,Estadio/Atanasio,20.4,1155,alto
2026-06-30,13,1,La Macarena,32.7,1005,medio
2026-06-30,13,1,Itagüí,45.0,2080,bajo
2026-06-30,13,1,Bello,42.1,1683,bajo
2026-06-30,14,1,Av. 80,47.2,1725,bajo
2026-06-30,14,1,Av. Regional,61.2,1992,bajo
2026-06-30,14,1,Calle 33,36.1,1144,medio
2026-06-30,14,1,El Poblado,32.1,1419,medio
2026-06-30,14,1,Guayabal,49.4,1551,bajo
2026-06-30,14,1,Laureles,41.5,1046,bajo
2026-06-30,14,1,Estadio/Atanasio,30.8,814,medio
2026-06-30,14,1,La Macarena,35.3,773,medio
2026-06-30,14,1,Itagüí,51.0,1694,bajo
2026-06-30,14,1,Bello,55.3,1327,bajo
2026-06-30,15,1,Av. 80,38.6,1946,bajo
2026-06-30,15,1,Av. Regional,51.8,2396,bajo
2026-06-30,15,1,Calle 33,28.3,1433,medio
2026-06-30,15,1,El Poblado,36.8,1762,medio
2026-06-30,15,1,Guayabal,39.1,1720,bajo
2026-06-30,15,1,Laureles,34.8,1244,medio
2026-06-30,15,1,Estadio/Atanasio,28.8,1011,medio
2026-06-30,15,1,La Macarena,20.8,855,alto
2026-06-30,15,1,Itagüí,39.4,1813,bajo
2026-06-30,15,1,Bello,41.2,1601,bajo
2026-06-30,16,1,Av. 80,58.2,1509,bajo
2026-06-30,16,1,Av. Regional,65.3,1857,bajo
2026-06-30,16,1,Calle 33,45.5,889,bajo
2026-06-30,16,1,El Poblado,54.2,1289,bajo
2026-06-30,16,1,Guayabal,60.7,1358,bajo
2026-06-30,16,1,Laureles,49.7,964,bajo
2026-06-30,16,1,Estadio/Atanasio,39.8,737,bajo
2026-06-30,16,1,La Macarena,39.2,578,bajo
2026-06-30,16,1,Itagüí,62.1,1314,bajo
2026-06-30,16,1,Bello,60.2,1168,bajo
2026-06-30,17,1,Av. 80,27.0,2696,medio
2026-06-30,17,1,Av. Regional,32.3,3142,medio
2026-06-30,17,1,Calle 33,25.4,1659,medio
2026-06-30,17,1,El Poblado,25.7,2227,medio
2026-06-30,17,1,Guayabal,33.3,2251,medio
2026-06-30,17,1,Laureles,32.9,1572,medio
2026-06-30,17,1,Estadio/Atanasio,21.0,1335,alto
2026-06-30,17,1,La Macarena,23.4,1215,alto
2026-06-30,17,1,Itagüí,37.3,2571,medio
2026-06-30,17,1,Bello,35.2,1993,medio
2026-06-30,18,1,Av. 80,32.3,2807,medio
2026-06-30,18,1,Av. Regional,38.5,3501,bajo
2026-06-30,18,1,Calle 33,23.3,1923,alto
2026-06-30,18,1,El Poblado,27.3,2346,medio
2026-06-30,18,1,Guayabal,31.7,2544,medio
2026-06-30,18,1,Laureles,24.3,1674,alto
2026-06-30,18,1,Estadio/Atanasio,15.5,1343,alto
2026-06-30,18,1,La Macarena,17.0,1140,alto
2026-06-30,18,1,Itagüí,31.9,2642,medio
2026-06-30,18,1,Bello,31.0,2240,medio
2026-06-30,19,1,Av. 80,22.9,2747,alto
2026-06-30,19,1,Av. Regional,36.4,3462,medio
2026-06-30,19,1,Calle 33,24.3,1933,alto
2026-06-30,19,1,El Poblado,28.0,2373,medio
2026-06-30,19,1,Guayabal,31.6,2549,medio
2026-06-30,19,1,Laureles,25.5,1689,medio
2026-06-30,19,1,Estadio/Atanasio,24.7,1492,alto
2026-06-30,19,1,La Macarena,20.4,1326,alto
2026-06-30,19,1,Itagüí,30.5,2602,medio
2026-06-30,19,1,Bello,29.8,2182,medio
2026-06-30,20,1,Av. 80,40.8,2107,bajo
2026-06-30,20,1,Av. Regional,46.5,2498,bajo
2026-06-30,20,1,Calle 33,29.1,1424,medio
2026-06-30,20,1,El Poblado,32.3,1618,medio
2026-06-30,20,1,Guayabal,44.8,1803,bajo
2026-06-30,20,1,Laureles,35.6,1165,medio
2026-06-30,20,1,Estadio/Atanasio,27.5,1043,medio
2026-06-30,20,1,La Macarena,27.4,831,medio
2026-06-30,20,1,Itagüí,42.0,1917,bajo
2026-06-30,20,1,Bello,44.0,1626,bajo
2026-06-30,21,1,Av. 80,51.3,1606,bajo
2026-06-30,21,1,Av. Regional,62.2,1850,bajo
2026-06-30,21,1,Calle 33,42.0,953,bajo
2026-06-30,21,1,El Poblado,45.3,1268,bajo
2026-06-30,21,1,Guayabal,58.0,1418,bajo
2026-06-30,21,1,Laureles,46.3,920,bajo
2026-06-30,21,1,Estadio/Atanasio,32.3,705,medio
2026-06-30,21,1,La Macarena,35.9,795,medio
2026-06-30,21,1,Itagüí,55.4,1470,bajo
2026-06-30,21,1,Bello,57.0,1305,bajo
2026-06-30,22,1,Av. 80,130.6,651,bajo
2026-06-30,22,1,Av. Regional,157.6,715,bajo
2026-06-30,22,1,Calle 33,102.2,420,bajo
2026-06-30,22,1,El Poblado,114.9,476,bajo
2026-06-30,22,1,Guayabal,144.1,470,bajo
2026-06-30,22,1,Laureles,108.8,346,bajo
2026-06-30,22,1,Estadio/Atanasio,91.1,380,bajo
2026-06-30,22,1,La Macarena,90.5,353,bajo
2026-06-30,22,1,Itagüí,135.1,619,bajo
2026-06-30,22,1,Bello,139.2,394,bajo
2026-06-30,23,1,Av. 80,150.6,469,bajo
2026-06-30,23,1,Av. Regional,185.4,640,bajo
2026-06-30,23,1,Calle 33,112.9,446,bajo
2026-06-30,23,1,El Poblado,133.2,393,bajo
2026-06-30,23,1,Guayabal,164.5,532,bajo
2026-06-30,23,1,Laureles,123.1,340,bajo
2026-06-30,23,1,Estadio/Atanasio,96.2,238,bajo
2026-06-30,23,1,La Macarena,105.2,299,bajo
2026-06-30,23,1,Itagüí,162.4,548,bajo
2026-06-30,23,1,Bello,167.7,350,bajo
2026-07-01,0,2,Av. 80,136.7,689,bajo
2026-07-01,0,2,Av. Regional,168.7,736,bajo
2026-07-01,0,2,Calle 33,110.9,360,bajo
2026-07-01,0,2,El Poblado,116.4,551,bajo
2026-07-01,0,2,Guayabal,151.0,593,bajo
2026-07-01,0,2,Laureles,117.3,292,bajo
2026-07-01,0,2,Estadio/Atanasio,89.9,245,bajo
2026-07-01,0,2,La Macarena,94.0,235,bajo
2026-07-01,0,2,Itagüí,143.4,551,bajo
2026-07-01,0,2,Bello,151.3,497,bajo
2026-07-01,1,2,Av. 80,186.6,498,bajo
2026-07-01,1,2,Av. Regional,229.7,468,bajo
2026-07-01,1,2,Calle 33,145.3,265,bajo
2026-07-01,1,2,El Poblado,160.5,379,bajo
2026-07-01,1,2,Guayabal,202.3,374,bajo
2026-07-01,1,2,Laureles,159.2,294,bajo
2026-07-01,1,2,Estadio/Atanasio,124.0,250,bajo
2026-07-01,1,2,La Macarena,132.0,187,bajo
2026-07-01,1,2,Itagüí,188.2,460,bajo
2026-07-01,1,2,Bello,206.6,332,bajo
2026-07-01,2,2,Av. 80,135.6,647,bajo
2026-07-01,2,2,Av. Regional,172.5,647,bajo
2026-07-01,2,2,Calle 33,109.4,466,bajo
2026-07-01,2,2,El Poblado,123.3,429,bajo
2026-07-01,2,2,Guayabal,154.7,525,bajo
2026-07-01,2,2,Laureles,117.0,322,bajo
2026-07-01,2,2,Estadio/Atanasio,90.1,251,bajo
2026-07-01,2,2,La Macarena,93.5,215,bajo
2026-07-01,2,2,Itagüí,153.6,541,bajo
2026-07-01,2,2,Bello,159.9,398,bajo
2026-07-01,3,2,Av. 80,168.0,542,bajo
2026-07-01,3,2,Av. Regional,209.0,672,bajo
2026-07-01,3,2,Calle 33,134.0,349,bajo
2026-07-01,3,2,El Poblado,148.0,400,bajo
2026-07-01,3,2,Guayabal,190.1,333,bajo
2026-07-01,3,2,Laureles,145.2,371,bajo
2026-07-01,3,2,Estadio/Atanasio,111.3,272,bajo
2026-07-01,3,2,La Macarena,124.4,219,bajo
2026-07-01,3,2,Itagüí,174.9,380,bajo
2026-07-01,3,2,Bello,188.4,369,bajo
2026-07-01,4,2,Av. 80,122.0,666,bajo
2026-07-01,4,2,Av. Regional,147.0,734,bajo
2026-07-01,4,2,Calle 33,88.3,541,bajo
2026-07-01,4,2,El Poblado,107.6,635,bajo
2026-07-01,4,2,Guayabal,137.9,542,bajo
2026-07-01,4,2,Laureles,97.9,394,bajo
2026-07-01,4,2,Estadio/Atanasio,77.7,425,bajo
2026-07-01,4,2,La Macarena,79.1,206,bajo
2026-07-01,4,2,Itagüí,121.6,650,bajo
2026-07-01,4,2,Bello,136.8,483,bajo
2026-07-01,5,2,Av. 80,216.8,272,bajo
2026-07-01,5,2,Av. Regional,264.7,517,bajo
2026-07-01,5,2,Calle 33,166.4,183,bajo
2026-07-01,5,2,El Poblado,196.9,292,bajo
2026-07-01,5,2,Guayabal,244.7,427,bajo
2026-07-01,5,2,Laureles,181.7,320,bajo
2026-07-01,5,2,Estadio/Atanasio,147.6,119,bajo
2026-07-01,5,2,La Macarena,158.5,259,bajo
2026-07-01,5,2,Itagüí,230.4,436,bajo
2026-07-01,5,2,Bello,239.8,213,bajo
2026-07-01,6,2,Av. 80,38.3,1772,bajo
2026-07-01,6,2,Av. Regional,56.3,2234,bajo
2026-07-01,6,2,Calle 33,36.2,1161,medio
2026-07-01,6,2,El Poblado,41.4,1454,bajo
2026-07-01,6,2,Guayabal,46.3,1614,bajo
2026-07-01,6,2,Laureles,33.7,1063,medio
2026-07-01,6,2,Estadio/Atanasio,29.1,913,medio
2026-07-01,6,2,La Macarena,29.3,738,medio
2026-07-01,6,2,Itagüí,48.6,1614,bajo
2026-07-01,6,2,Bello,43.2,1477,bajo
2026-07-01,7,2,Av. 80,24.1,3213,alto
2026-07-01,7,2,Av. Regional,25.1,3814,medio
2026-07-01,7,2,Calle 33,13.0,2163,muy_alto
2026-07-01,7,2,El Poblado,19.6,2575,alto
2026-07-01,7,2,Guayabal,27.8,2750,medio
2026-07-01,7,2,Laureles,14.4,1973,muy_alto
2026-07-01,7,2,Estadio/Atanasio,19.0,1611,alto
2026-07-01,7,2,La Macarena,19.5,1410,alto
2026-07-01,7,2,Itagüí,23.6,2913,alto
2026-07-01,7,2,Bello,28.7,2512,medio
2026-07-01,8,2,Av. 80,29.8,2547,medio
2026-07-01,8,2,Av. Regional,35.3,3159,medio
2026-07-01,8,2,Calle 33,24.1,1599,alto
2026-07-01,8,2,El Poblado,27.4,2177,medio
2026-07-01,8,2,Guayabal,35.1,2298,medio
2026-07-01,8,2,Laureles,25.2,1565,medio
2026-07-01,8,2,Estadio/Atanasio,24.4,1340,alto
2026-07-01,8,2,La Macarena,29.0,1058,medio
2026-07-01,8,2,Itagüí,38.1,2366,bajo
2026-07-01,8,2,Bello,28.5,2037,medio
2026-07-01,9,2,Av. 80,26.8,3065,medio
2026-07-01,9,2,Av. Regional,28.8,3725,medio
2026-07-01,9,2,Calle 33,22.5,1964,alto
2026-07-01,9,2,El Poblado,30.5,2597,medio
2026-07-01,9,2,Guayabal,32.0,2627,medio
2026-07-01,9,2,Laureles,22.6,1875,alto
2026-07-01,9,2,Estadio/Atanasio,17.9,1424,alto
2026-07-01,9,2,La Macarena,20.2,1312,alto
2026-07-01,9,2,Itagüí,30.8,2814,medio
2026-07-01,9,2,Bello,33.1,2301,medio
2026-07-01,10,2,Av. 80,39.7,2195,bajo
2026-07-01,10,2,Av. Regional,50.6,2521,bajo
2026-07-01,10,2,Calle 33,26.9,1344,medio
2026-07-01,10,2,El Poblado,39.0,1786,bajo
2026-07-01,10,2,Guayabal,44.5,1931,bajo
2026-07-01,10,2,Laureles,29.4,1222,medio
2026-07-01,10,2,Estadio/Atanasio,28.2,1017,medio
2026-07-01,10,2,La Macarena,30.3,908,medio
2026-07-01,10,2,Itagüí,43.9,2074,bajo
2026-07-01,10,2,Bello,42.1,1659,bajo
2026-07-01,11,2,Av. 80,47.5,1662,bajo
2026-07-01,11,2,Av. Regional,63.2,2099,bajo
2026-07-01,11,2,Calle 33,35.1,1049,medio
2026-07-01,11,2,El Poblado,42.7,1356,bajo
2026-07-01,11,2,Guayabal,52.7,1577,bajo
2026-07-01,11,2,Laureles,43.5,1029,bajo
2026-07-01,11,2,Estadio/Atanasio,30.3,805,medio
2026-07-01,11,2,La Macarena,34.9,722,medio
2026-07-01,11,2,Itagüí,50.5,1677,bajo
2026-07-01,11,2,Bello,57.6,1328,bajo
2026-07-01,12,2,Av. 80,52.8,1433,bajo
2026-07-01,12,2,Av. Regional,67.0,1736,bajo
2026-07-01,12,2,Calle 33,42.3,939,bajo
2026-07-01,12,2,El Poblado,47.1,1240,bajo
2026-07-01,12,2,Guayabal,60.8,1302,bajo
2026-07-01,12,2,Laureles,45.3,888,bajo
2026-07-01,12,2,Estadio/Atanasio,40.0,683,bajo
2026-07-01,12,2,La Macarena,37.9,689,medio
2026-07-01,12,2,Itagüí,59.5,1441,bajo
2026-07-01,12,2,Bello,65.7,1206,bajo
2026-07-01,13,2,Av. 80,44.9,2063,bajo
2026-07-01,13,2,Av. Regional,50.9,2395,bajo
2026-07-01,13,2,Calle 33,31.9,1325,medio
2026-07-01,13,2,El Poblado,40.4,1750,bajo
2026-07-01,13,2,Guayabal,42.8,1761,bajo
2026-07-01,13,2,Laureles,38.9,1125,bajo
2026-07-01,13,2,Estadio/Atanasio,23.7,1080,alto
2026-07-01,13,2,La Macarena,24.1,929,alto
2026-07-01,13,2,Itagüí,45.3,1801,bajo
2026-07-01,13,2,Bello,40.8,1512,bajo
2026-07-01,14,2,Av. 80,41.0,1958,bajo
2026-07-01,14,2,Av. Regional,53.0,2510,bajo
2026-07-01,14,2,Calle 33,29.3,1241,medio
2026-07-01,14,2,El Poblado,30.9,1617,medio
2026-07-01,14,2,Guayabal,49.2,1731,bajo
2026-07-01,14,2,Laureles,29.0,1159,medio
2026-07-01,14,2,Estadio/Atanasio,30.1,1035,medio
2026-07-01,14,2,La Macarena,29.7,830,medio
2026-07-01,14,2,Itagüí,44.4,1787,bajo
2026-07-01,14,2,Bello,49.9,1630,bajo
2026-07-01,15,2,Av. 80,48.7,1727,bajo
2026-07-01,15,2,Av. Regional,60.8,2123,bajo
2026-07-01,15,2,Calle 33,41.6,1237,bajo
2026-07-01,15,2,El Poblado,49.2,1494,bajo
2026-07-01,15,2,Guayabal,50.0,1596,bajo
2026-07-01,15,2,Laureles,42.1,1103,bajo
2026-07-01,15,2,Estadio/Atanasio,26.2,911,medio
2026-07-01,15,2,La Macarena,32.7,761,medio
2026-07-01,15,2,Itagüí,52.2,1542,bajo
2026-07-01,15,2,Bello,54.0,1352,bajo
2026-07-01,16,2,Av. 80,52.2,1635,bajo
2026-07-01,16,2,Av. Regional,61.2,1852,bajo
2026-07-01,16,2,Calle 33,39.4,971,bajo
2026-07-01,16,2,El Poblado,41.2,1281,bajo
2026-07-01,16,2,Guayabal,59.9,1378,bajo
2026-07-01,16,2,Laureles,42.8,866,bajo
2026-07-01,16,2,Estadio/Atanasio,37.2,862,medio
2026-07-01,16,2,La Macarena,37.6,733,medio
2026-07-01,16,2,Itagüí,50.8,1543,bajo
2026-07-01,16,2,Bello,56.2,1323,bajo
2026-07-01,17,2,Av. 80,26.0,3211,medio
2026-07-01,17,2,Av. Regional,31.5,4037,medio
2026-07-01,17,2,Calle 33,26.8,2201,medio
2026-07-01,17,2,El Poblado,18.7,2609,alto
2026-07-01,17,2,Guayabal,31.4,2934,medio
2026-07-01,17,2,Laureles,19.3,1925,alto
2026-07-01,17,2,Estadio/Atanasio,13.6,1700,muy_alto
2026-07-01,17,2,La Macarena,21.1,1523,alto
2026-07-01,17,2,Itagüí,32.7,3041,medio
2026-07-01,17,2,Bello,30.9,2541,medio
2026-07-01,18,2,Av. 80,28.0,2968,medio
2026-07-01,18,2,Av. Regional,33.7,3514,medio
2026-07-01,18,2,Calle 33,26.7,2031,medio
2026-07-01,18,2,El Poblado,23.0,2504,alto
2026-07-01,18,2,Guayabal,32.1,2666,medio
2026-07-01,18,2,Laureles,19.0,1836,alto
2026-07-01,18,2,Estadio/Atanasio,17.7,1567,alto
2026-07-01,18,2,La Macarena,21.3,1397,alto
2026-07-01,18,2,Itagüí,31.2,2831,medio
2026-07-01,18,2,Bello,33.2,2201,medio
2026-07-01,19,2,Av. 80,37.5,2512,medio
2026-07-01,19,2,Av. Regional,37.2,3207,medio
2026-07-01,19,2,Calle 33,26.3,1625,medio
2026-07-01,19,2,El Poblado,27.7,2203,medio
2026-07-01,19,2,Guayabal,41.1,2262,bajo
2026-07-01,19,2,Laureles,26.7,1644,medio
2026-07-01,19,2,Estadio/Atanasio,18.9,1242,alto
2026-07-01,19,2,La Macarena,21.1,1107,alto
2026-07-01,19,2,Itagüí,30.2,2465,medio
2026-07-01,19,2,Bello,36.3,2063,medio
2026-07-01,20,2,Av. 80,45.3,1705,bajo
2026-07-01,20,2,Av. Regional,52.3,2175,bajo
2026-07-01,20,2,Calle 33,37.4,1232,medio
2026-07-01,20,2,El Poblado,41.6,1554,bajo
2026-07-01,20,2,Guayabal,54.5,1534,bajo
2026-07-01,20,2,Laureles,39.6,1014,bajo
2026-07-01,20,2,Estadio/Atanasio,31.1,890,medio
2026-07-01,20,2,La Macarena,31.7,851,medio
2026-07-01,20,2,Itagüí,53.8,1595,bajo
2026-07-01,20,2,Bello,53.2,1312,bajo
2026-07-01,21,2,Av. 80,51.1,1688,bajo
2026-07-01,21,2,Av. Regional,63.9,2006,bajo
2026-07-01,21,2,Calle 33,41.7,1014,bajo
2026-07-01,21,2,El Poblado,49.8,1424,bajo
2026-07-01,21,2,Guayabal,55.5,1507,bajo
2026-07-01,21,2,Laureles,43.2,968,bajo
2026-07-01,21,2,Estadio/Atanasio,31.8,821,medio
2026-07-01,21,2,La Macarena,34.0,669,medio
2026-07-01,21,2,Itagüí,57.4,1525,bajo
2026-07-01,21,2,Bello,55.7,1168,bajo
2026-07-01,22,2,Av. 80,160.9,401,bajo
2026-07-01,22,2,Av. Regional,200.3,555,bajo
2026-07-01,22,2,Calle 33,128.9,233,bajo
2026-07-01,22,2,El Poblado,150.4,401,bajo
2026-07-01,22,2,Guayabal,185.0,432,bajo
2026-07-01,22,2,Laureles,136.4,333,bajo
2026-07-01,22,2,Estadio/Atanasio,111.0,225,bajo
2026-07-01,22,2,La Macarena,116.4,245,bajo
2026-07-01,22,2,Itagüí,176.9,549,bajo
2026-07-01,22,2,Bello,184.1,412,bajo
2026-07-01,23,2,Av. 80,180.2,351,bajo
2026-07-01,23,2,Av. Regional,221.6,471,bajo
2026-07-01,23,2,Calle 33,145.3,273,bajo
2026-07-01,23,2,El Poblado,162.3,456,bajo
2026-07-01,23,2,Guayabal,203.5,320,bajo
2026-07-01,23,2,Laureles,154.9,286,bajo
2026-07-01,23,2,Estadio/Atanasio,125.5,308,bajo
2026-07-01,23,2,La Macarena,135.7,291,bajo
2026-07-01,23,2,Itagüí,201.3,441,bajo
2026-07-01,23,2,Bello,204.6,392,bajo
